--
-- PostgreSQL database dump
--

\restrict kadhYNvMGvKDWymdpzV9c1AH2Qr7mm8gohRqiSBye44ejmMIl8TJv1OBMir1ggI

-- Dumped from database version 16.11 (Ubuntu 16.11-0ubuntu0.24.04.1)
-- Dumped by pg_dump version 16.11 (Ubuntu 16.11-0ubuntu0.24.04.1)

SET statement_timeout = 0;
SET lock_timeout = 0;
SET idle_in_transaction_session_timeout = 0;
SET client_encoding = 'UTF8';
SET standard_conforming_strings = on;
SELECT pg_catalog.set_config('search_path', '', false);
SET check_function_bodies = false;
SET xmloption = content;
SET client_min_messages = warning;
SET row_security = off;

ALTER TABLE IF EXISTS ONLY public.scopes DROP CONSTRAINT IF EXISTS scopes_parent_id_fkey;
ALTER TABLE IF EXISTS ONLY public.pbm_entries DROP CONSTRAINT IF EXISTS pbm_entries_scope_id_fkey;
DROP INDEX IF EXISTS public.idx_tokens_category;
DROP INDEX IF EXISTS public.idx_pbm_token1;
DROP INDEX IF EXISTS public.idx_pbm_token0;
DROP INDEX IF EXISTS public.idx_pbm_scope;
ALTER TABLE IF EXISTS ONLY public.tokens DROP CONSTRAINT IF EXISTS tokens_pkey;
ALTER TABLE IF EXISTS ONLY public.scopes DROP CONSTRAINT IF EXISTS scopes_pkey;
ALTER TABLE IF EXISTS ONLY public.pbm_entries DROP CONSTRAINT IF EXISTS pbm_entries_pkey;
DROP TABLE IF EXISTS public.tokens;
DROP TABLE IF EXISTS public.scopes;
DROP TABLE IF EXISTS public.pbm_entries;
SET default_tablespace = '';

SET default_table_access_method = heap;

--
-- Name: pbm_entries; Type: TABLE; Schema: public; Owner: -
--

CREATE TABLE public.pbm_entries (
    scope_id text NOT NULL,
    token0_id text NOT NULL,
    token1_id text NOT NULL,
    fbr integer DEFAULT 1 NOT NULL,
    "position" integer
);


--
-- Name: scopes; Type: TABLE; Schema: public; Owner: -
--

CREATE TABLE public.scopes (
    scope_id text NOT NULL,
    name text NOT NULL,
    scope_type text NOT NULL,
    parent_id text,
    metadata jsonb DEFAULT '{}'::jsonb
);


--
-- Name: tokens; Type: TABLE; Schema: public; Owner: -
--

CREATE TABLE public.tokens (
    token_id text NOT NULL,
    name text NOT NULL,
    category text,
    subcategory text,
    metadata jsonb DEFAULT '{}'::jsonb
);


--
-- Data for Name: pbm_entries; Type: TABLE DATA; Schema: public; Owner: -
--

COPY public.pbm_entries (scope_id, token0_id, token1_id, fbr, "position") FROM stdin;
zA.AA.AA.AA.AA	AA.AA.AA.Aw	AA.AA.AA.Bj	1	8
zA.AA.AA.AA.AA	AA.AA.AA.Bj	AA.AA.AA.Bn	1	9
zA.AA.AA.AA.AA	AA.AA.AA.BD	AA.AA.AA.Av	1	24
zA.AA.AA.AA.AA	AA.AA.AA.BA	AA.AA.AA.Av	1	27
zA.AA.AA.AA.AA	AA.AA.AA.Av	AA.AA.AA.Ay	1	28
zA.AA.AA.AA.AA	AA.AA.AA.Ay	AA.AA.AA.BI	1	33
zA.AA.AA.AA.AA	AA.AA.AA.BH	AA.AA.AA.BI	1	36
zA.AA.AA.AA.AA	AA.AA.AA.BI	AA.AA.AA.Ay	1	37
zA.AA.AA.AA.AA	AA.AA.AA.BW	AA.AA.AA.Bc	1	41
zA.AA.AA.AA.AA	AA.AA.AA.Bc	AA.AA.AA.Bj	1	42
zA.AA.AA.AA.AA	AA.AA.AA.Ah	AA.AA.AA.Br	1	44
zA.AA.AA.AA.AA	AA.AA.AA.Br	AA.AA.AA.Ba	1	45
zA.AA.AA.AA.AA	AA.AA.AA.Ba	AA.AA.AA.Bm	1	46
zA.AA.AA.AA.AA	AA.AA.AA.Bm	AA.AA.AA.Bt	1	47
zA.AA.AA.AA.AA	AA.AA.AA.Bt	AA.AA.AA.AK	1	48
zA.AA.AA.AA.AA	AA.AA.AA.Ah	AA.AA.AA.Du	1	51
zA.AA.AA.AA.AA	AA.AA.AA.Du	AA.AA.AA.DU	1	52
zA.AA.AA.AA.AA	AA.AA.AA.DU	AA.AA.AA.Ah	1	53
zA.AA.AA.AA.AA	AA.AA.AA.CB	AA.AA.AA.Du	1	66
zA.AA.AA.AA.AA	AA.AA.AA.Du	AA.AA.AA.DZ	1	67
zA.AA.AA.AA.AA	AA.AA.AA.DZ	AA.AA.AA.Au	1	68
zA.AA.AA.AA.AA	AA.AA.AA.BY	AA.AA.AA.CK	1	71
zA.AA.AA.AA.AA	AA.AA.AA.CK	AA.AA.AA.Bz	1	72
zA.AA.AA.AA.AA	AA.AA.AA.Bz	AA.AA.AA.Aw	1	73
zA.AA.AA.AA.AA	AA.AA.AA.CB	AA.AA.AA.Au	1	93
zA.AA.AA.AA.AA	AA.AA.AA.Ax	AA.AA.AA.CR	1	122
zA.AA.AA.AA.AA	AA.AA.AA.CQ	AA.AA.AA.Bv	1	127
zA.AA.AA.AA.AA	AA.AA.AA.Bv	AA.AA.AA.CL	1	128
zA.AA.AA.AA.AA	AA.AA.AA.CC	AA.AA.AA.Bv	1	130
zA.AA.AA.AA.AA	AA.AA.AA.Bv	AA.AA.AA.CS	1	131
zA.AA.AA.AA.AA	AA.AA.AA.Bd	AA.AA.AA.Bx	1	145
zA.AA.AA.AA.AA	AA.AA.AA.CB	AA.AA.AA.AK	1	192
zA.AA.AA.AA.AA	AA.AA.AA.Ah	AA.AA.AA.BB	1	213
zA.AA.AA.AA.AA	AA.AA.AA.BB	AA.AA.AA.Aw	1	214
zA.AA.AA.AA.AA	AA.AA.AA.Ay	AA.AA.AA.AK	2	216
zA.AA.AA.AA.AA	AA.AA.AA.Bj	AA.AA.AA.Bx	2	220
zA.AA.AA.AA.AA	AA.AA.AA.BT	AA.AA.AA.Bx	2	15
zA.AA.AA.AA.AA	AA.AA.AA.CB	AA.AA.AA.BI	3	18
zA.AA.AA.AA.AA	AA.AA.AA.BH	AA.AA.AA.Ah	1	294
zA.AA.AA.AA.AA	AA.AA.AA.BZ	AA.AA.AA.CS	1	296
zA.AA.AA.AA.AA	AA.AA.AA.CS	AA.AA.AA.CI	1	297
zA.AA.AA.AA.AA	AA.AA.AA.CI	AA.AA.AA.CW	1	298
zA.AA.AA.AA.AA	AA.AA.AA.BF	AA.AA.AA.Ah	1	302
zA.AA.AA.AA.AA	AA.AA.AA.Aq	AA.AA.AA.CE	1	304
zA.AA.AA.AA.AA	AA.AA.AA.CB	AA.AA.AA.Bx	1	306
zA.AA.AA.AA.AA	AA.AA.AA.CA	AA.AA.AA.BI	1	318
zA.AA.AA.AA.AA	AA.AA.AA.BD	AA.AA.AA.Ah	2	58
zA.AA.AA.AA.AA	AA.AA.AA.BT	AA.AA.AA.CB	1	326
zA.AA.AA.AA.AA	AA.AA.AA.CB	AA.AA.AA.Bz	1	327
zA.AA.AA.AA.AA	AA.AA.AA.CJ	AA.AA.AA.By	1	330
zA.AA.AA.AA.AA	AA.AA.AA.BA	AA.AA.AA.Ar	1	336
zA.AA.AA.AA.AA	AA.AA.AA.BQ	AA.AA.AA.CS	1	341
zA.AA.AA.AA.AA	AA.AA.AA.CS	AA.AA.AA.CR	1	342
zA.AA.AA.AA.AA	AA.AA.AA.Ba	AA.AA.AA.CB	1	359
zA.AA.AA.AA.AA	AA.AA.AA.Bm	AA.AA.AA.CE	1	363
zA.AA.AA.AA.AA	AA.AA.AA.CR	AA.AA.AA.CI	1	367
zA.AA.AA.AA.AA	AA.AA.AA.Ah	AA.AA.AA.BK	1	371
zA.AA.AA.AA.AA	AA.AA.AA.BK	AA.AA.AA.CH	1	372
zA.AA.AA.AA.AA	AA.AA.AA.CH	AA.AA.AA.CB	1	373
zA.AA.AA.AA.AA	AA.AA.AA.CK	AA.AA.AA.BP	1	375
zA.AA.AA.AA.AA	AA.AA.AA.BP	AA.AA.AA.CS	1	376
zA.AA.AA.AA.AA	AA.AA.AA.CD	AA.AA.AA.BM	1	387
zA.AA.AA.AA.AA	AA.AA.AA.CK	AA.AA.AA.CB	1	396
zA.AA.AA.AA.AA	AA.AA.AA.CQ	AA.AA.AA.BI	2	347
zA.AA.AA.AA.AA	AA.AA.AA.Bx	AA.AA.AA.CF	1	428
zA.AA.AA.AA.AA	AA.AA.AA.Ah	AA.AA.AA.CA	1	436
zA.AA.AA.AA.AA	AA.AA.AA.CQ	AA.AA.AA.CL	1	457
zA.AA.AA.AA.AA	AA.AA.AA.CF	AA.AA.AA.CS	1	461
zA.AA.AA.AA.AA	AA.AA.AA.CJ	AA.AA.AA.Ah	1	463
zA.AA.AA.AA.AA	AA.AA.AA.CE	AA.AA.AA.CL	2	344
zA.AA.AA.AA.AA	AA.AA.AA.CU	AA.AA.AA.AK	1	474
zA.AA.AA.AA.AA	AA.AA.AA.Az	AA.AA.AA.BI	2	176
zA.AA.AA.AA.AA	AA.AA.AA.BI	AA.AA.AA.Az	3	34
zA.AA.AA.AA.AA	AA.AA.AA.BG	AA.AA.AA.Ah	2	181
zA.AA.AA.AA.AA	AA.AA.AA.CM	AA.AA.AA.Ah	1	517
zA.AA.AA.AA.AA	AA.AA.AA.BV	AA.AA.AA.CL	3	78
zA.AA.AA.AA.AA	AA.AA.AA.CE	AA.AA.AA.CP	1	547
zA.AA.AA.AA.AA	AA.AA.AA.CB	AA.AA.AA.CB	2	97
zA.AA.AA.AA.AA	AA.AA.AA.Bx	AA.AA.AA.By	4	221
zA.AA.AA.AA.AA	AA.AA.AA.By	AA.AA.AA.Av	1	554
zA.AA.AA.AA.AA	AA.AA.AA.Av	AA.AA.AA.CQ	1	555
zA.AA.AA.AA.AA	AA.AA.AA.CM	AA.AA.AA.Bx	1	558
zA.AA.AA.AA.AA	AA.AA.AA.Ak	AA.AA.AA.Az	1	585
zA.AA.AA.AA.AA	AA.AA.AA.Ak	AA.AA.AA.BA	1	643
zA.AA.AA.AA.AA	AA.AA.AA.BA	AA.AA.AA.Ah	2	30
zA.AA.AA.AA.AA	AA.AA.AA.Aq	AA.AA.AA.CF	2	615
zA.AA.AA.AA.AA	AA.AA.AA.CB	AA.AA.AA.CV	2	620
zA.AA.AA.AA.AA	AA.AA.AA.CV	AA.AA.AA.Ah	2	621
zA.AA.AA.AA.AA	AA.AA.AA.Bx	AA.AA.AA.CQ	3	466
zA.AA.AA.AA.AA	AA.AA.AA.CV	AA.AA.AA.Bn	2	627
zA.AA.AA.AA.AA	AA.AA.AA.Bn	AA.AA.AA.Bn	4	628
zA.AA.AA.AA.AA	AA.AA.AA.Bn	AA.AA.AA.Ar	2	629
zA.AA.AA.AA.AA	AA.AA.AA.AJ	AA.AA.AA.Ah	3	576
zA.AA.AA.AA.AA	AA.AA.AA.BS	AA.AA.AA.CL	4	454
zA.AA.AA.AA.AA	AA.AA.AA.CI	AA.AA.AA.CS	4	568
zA.AA.AA.AA.AA	AA.AA.AA.CS	AA.AA.AA.CJ	5	462
zA.AA.AA.AA.AA	AA.AA.AA.CJ	AA.AA.AA.CK	4	570
zA.AA.AA.AA.AA	AA.AA.AA.Ah	AA.AA.AA.Ak	3	584
zA.AA.AA.AA.AA	AA.AA.AA.Ak	AA.AA.AA.BB	1	691
zA.AA.AA.AA.AA	AA.AA.AA.BB	AA.AA.AA.Ah	1	692
zA.AA.AA.AA.AA	AA.AA.AA.Bk	AA.AA.AA.CK	7	60
zA.AA.AA.AA.AA	AA.AA.AA.CK	AA.AA.AA.Bx	1	706
zA.AA.AA.AA.AA	AA.AA.AA.Bx	AA.AA.AA.CJ	2	146
zA.AA.AA.AA.AA	AA.AA.AA.Aq	AA.AA.AA.CC	1	711
zA.AA.AA.AA.AA	AA.AA.AA.CI	AA.AA.AA.CL	1	715
zA.AA.AA.AA.AA	AA.AA.AA.CL	AA.AA.AA.CU	2	473
zA.AA.AA.AA.AA	AA.AA.AA.CU	AA.AA.AA.CQ	1	717
zA.AA.AA.AA.AA	AA.AA.AA.Bx	AA.AA.AA.Ah	2	440
zA.AA.AA.AA.AA	AA.AA.AA.Ah	AA.AA.AA.CQ	2	95
zA.AA.AA.AA.AA	AA.AA.AA.CD	AA.AA.AA.CK	1	732
zA.AA.AA.AA.AA	AA.AA.AA.CK	AA.AA.AA.Au	1	733
zA.AA.AA.AA.AA	AA.AA.AA.Ah	AA.AA.AA.Ap	1	735
zA.AA.AA.AA.AA	AA.AA.AA.Ap	AA.AA.AA.Ak	1	736
zA.AA.AA.AA.AA	AA.AA.AA.Ak	AA.AA.AA.Ap	1	737
zA.AA.AA.AA.AA	AA.AA.AA.Ap	AA.AA.AA.Ar	1	738
zA.AA.AA.AA.AA	AA.AA.AA.Bj	AA.AA.AA.CE	3	413
zA.AA.AA.AA.AA	AA.AA.AA.CE	AA.AA.AA.CB	9	305
zA.AA.AA.AA.AA	AA.AA.AA.Ah	AA.AA.AA.CB	1	748
zA.AA.AA.AA.AA	AA.AA.AA.CF	AA.AA.AA.CB	1	753
zA.AA.AA.AA.AA	AA.AA.AA.Be	AA.AA.AA.Ax	4	165
zA.AA.AA.AA.AA	AA.AA.AA.Ax	AA.AA.AA.BY	4	166
zA.AA.AA.AA.AA	AA.AA.AA.BY	AA.AA.AA.BU	4	167
zA.AA.AA.AA.AA	AA.AA.AA.Ah	AA.AA.AA.BG	5	1
zA.AA.AA.AA.AA	AA.AA.AA.BH	AA.AA.AA.Av	5	5
zA.AA.AA.AA.AA	AA.AA.AA.Av	AA.AA.AA.Az	6	6
zA.AA.AA.AA.AA	AA.AA.AA.CP	AA.AA.AA.CA	1	780
zA.AA.AA.AA.AA	AA.AA.AA.CP	AA.AA.AA.Aw	1	783
zA.AA.AA.AA.AA	AA.AA.AA.Bl	AA.AA.AA.CB	1	790
zA.AA.AA.AA.AA	AA.AA.AA.CQ	AA.AA.AA.CR	2	366
zA.AA.AA.AA.AA	AA.AA.AA.CP	AA.AA.AA.CW	1	803
zA.AA.AA.AA.AA	AA.AA.AA.CW	AA.AA.AA.AK	1	804
zA.AA.AA.AA.AA	AA.AA.AA.Ah	AA.AA.AA.Az	2	290
zA.AA.AA.AA.AA	AA.AA.AA.Az	AA.AA.AA.Aw	2	7
zA.AA.AA.AA.AA	AA.AA.AA.Ah	AA.AA.AA.Ay	4	334
zA.AA.AA.AA.AA	AA.AA.AA.Ay	AA.AA.AA.Aw	1	831
zA.AA.AA.AA.AA	AA.AA.AA.Aw	AA.AA.AA.Az	1	832
zA.AA.AA.AA.AA	AA.AA.AA.Az	AA.AA.AA.Ah	4	586
zA.AA.AA.AA.AA	AA.AA.AA.CK	AA.AA.AA.Ah	10	361
zA.AA.AA.AA.AA	AA.AA.AA.By	AA.AA.AA.CW	1	843
zA.AA.AA.AA.AA	AA.AA.AA.Bx	AA.AA.AA.CA	2	307
zA.AA.AA.AA.AA	AA.AA.AA.CA	AA.AA.AA.CA	1	847
zA.AA.AA.AA.AA	AA.AA.AA.CD	AA.AA.AA.Ah	1	851
zA.AA.AA.AA.AA	AA.AA.AA.Bx	AA.AA.AA.CI	2	399
zA.AA.AA.AA.AA	AA.AA.AA.CI	AA.AA.AA.CI	2	714
zA.AA.AA.AA.AA	AA.AA.AA.CI	AA.AA.AA.Ah	2	400
zA.AA.AA.AA.AA	AA.AA.AA.CQ	AA.AA.AA.Aw	1	895
zA.AA.AA.AA.AA	AA.AA.AA.Aw	AA.AA.AA.AK	4	74
zA.AA.AA.AA.AA	AA.AA.AA.Ah	AA.AA.AA.BA	7	20
zA.AA.AA.AA.AA	AA.AA.AA.BA	AA.AA.AA.Aw	2	238
zA.AA.AA.AA.AA	AA.AA.AA.Aw	AA.AA.AA.Ay	4	215
zA.AA.AA.AA.AA	AA.AA.AA.Ay	AA.AA.AA.Ah	3	39
zA.AA.AA.AA.AA	AA.AA.AA.BI	AA.AA.AA.Ah	11	19
zA.AA.AA.AA.AA	AA.AA.AA.CS	AA.AA.AA.CM	3	312
zA.AA.AA.AA.AA	AA.AA.AA.CL	AA.AA.AA.CM	1	927
zA.AA.AA.AA.AA	AA.AA.AA.CM	AA.AA.AA.CW	1	928
zA.AA.AA.AA.AA	AA.AA.AA.CW	AA.AA.AA.CP	1	929
zA.AA.AA.AA.AA	AA.AA.AA.CP	AA.AA.AA.CF	2	752
zA.AA.AA.AA.AA	AA.AA.AA.CF	AA.AA.AA.CD	2	731
zA.AA.AA.AA.AA	AA.AA.AA.CD	AA.AA.AA.CE	1	932
zA.AA.AA.AA.AA	AA.AA.AA.CL	AA.AA.AA.CR	2	403
zA.AA.AA.AA.AA	AA.AA.AA.CQ	AA.AA.AA.CB	5	92
zA.AA.AA.AA.AA	AA.AA.AA.CB	AA.AA.AA.BJ	1	958
zA.AA.AA.AA.AA	AA.AA.AA.BJ	AA.AA.AA.Ah	1	959
zA.AA.AA.AA.AA	AA.AA.AA.Ah	AA.AA.AA.CK	4	401
zA.AA.AA.AA.AA	AA.AA.AA.CK	AA.AA.AA.CL	3	402
zA.AA.AA.AA.AA	AA.AA.AA.CL	AA.AA.AA.AK	1	962
zA.AA.AA.AA.AA	AA.AA.AA.CD	AA.AA.AA.CB	1	976
zA.AA.AA.AA.AA	AA.AA.AA.CB	AA.AA.AA.CQ	5	405
zA.AA.AA.AA.AA	AA.AA.AA.CR	AA.AA.AA.CL	5	183
zA.AA.AA.AA.AA	AA.AA.AA.CL	AA.AA.AA.Ah	4	184
zA.AA.AA.AA.AA	AA.AA.AA.Bz	AA.AA.AA.CE	4	504
zA.AA.AA.AA.AA	AA.AA.AA.CE	AA.AA.AA.Bx	5	465
zA.AA.AA.AA.AA	AA.AA.AA.Bx	AA.AA.AA.CP	5	506
zA.AA.AA.AA.AA	AA.AA.AA.CP	AA.AA.AA.Bx	5	398
zA.AA.AA.AA.AA	AA.AA.AA.Bx	AA.AA.AA.CM	3	516
zA.AA.AA.AA.AA	AA.AA.AA.CM	AA.AA.AA.CM	2	855
zA.AA.AA.AA.AA	AA.AA.AA.CM	AA.AA.AA.CF	2	856
zA.AA.AA.AA.AA	AA.AA.AA.CD	AA.AA.AA.CQ	2	859
zA.AA.AA.AA.AA	AA.AA.AA.CQ	AA.AA.AA.AK	2	572
zA.AA.AA.AA.AA	AA.AA.AA.Bk	AA.AA.AA.CM	1	1006
zA.AA.AA.AA.AA	AA.AA.AA.CM	AA.AA.AA.CA	4	313
zA.AA.AA.AA.AA	AA.AA.AA.CA	AA.AA.AA.Bx	5	314
zA.AA.AA.AA.AA	AA.AA.AA.CR	AA.AA.AA.CB	14	17
zA.AA.AA.AA.AA	AA.AA.AA.CB	AA.AA.AA.CA	3	317
zA.AA.AA.AA.AA	AA.AA.AA.Ah	AA.AA.AA.CT	6	203
zA.AA.AA.AA.AA	AA.AA.AA.CT	AA.AA.AA.CB	6	204
zA.AA.AA.AA.AA	AA.AA.AA.CP	AA.AA.AA.CQ	10	206
zA.AA.AA.AA.AA	AA.AA.AA.CQ	AA.AA.AA.CF	8	207
zA.AA.AA.AA.AA	AA.AA.AA.CF	AA.AA.AA.CL	7	208
zA.AA.AA.AA.AA	AA.AA.AA.CK	AA.AA.AA.CQ	4	430
zA.AA.AA.AA.AA	AA.AA.AA.CL	AA.AA.AA.CC	4	88
zA.AA.AA.AA.AA	AA.AA.AA.CC	AA.AA.AA.Ah	3	89
zA.AA.AA.AA.AA	AA.AA.AA.Ah	AA.AA.AA.CR	13	81
zA.AA.AA.AA.AA	AA.AA.AA.CR	AA.AA.AA.CE	7	343
zA.AA.AA.AA.AA	AA.AA.AA.CE	AA.AA.AA.CF	4	364
zA.AA.AA.AA.AA	AA.AA.AA.CF	AA.AA.AA.CQ	6	365
zA.AA.AA.AA.AA	AA.AA.AA.CC	AA.AA.AA.CF	1	1031
zA.AA.AA.AA.AA	AA.AA.AA.CF	AA.AA.AA.CI	1	1032
zA.AA.AA.AA.AA	AA.AA.AA.Ah	AA.AA.AA.CJ	4	514
zA.AA.AA.AA.AA	AA.AA.AA.Bx	AA.AA.AA.CW	1	1037
zA.AA.AA.AA.AA	AA.AA.AA.Ah	AA.AA.AA.By	2	842
zA.AA.AA.AA.AA	AA.AA.AA.By	AA.AA.AA.CB	2	331
zA.AA.AA.AA.AA	AA.AA.AA.CB	AA.AA.AA.Ah	21	98
zA.AA.AA.AA.AA	AA.AA.AA.Ah	AA.AA.AA.CC	4	249
zA.AA.AA.AA.AA	AA.AA.AA.CC	AA.AA.AA.CL	4	250
zA.AA.AA.AA.AA	AA.AA.AA.CL	AA.AA.AA.CS	1	1044
zA.AA.AA.AA.AA	AA.AA.AA.CA	AA.AA.AA.Ah	4	564
zA.AA.AA.AA.AA	AA.AA.AA.Ah	AA.AA.AA.CF	5	518
zA.AA.AA.AA.AA	AA.AA.AA.CK	AA.AA.AA.BI	5	210
zA.AA.AA.AA.AA	AA.AA.AA.AJ	AA.AA.AA.AJ	4	575
zA.AA.AA.AA.AA	AA.AA.AA.AJ	AA.AA.AA.CE	1	1055
zA.AA.AA.AA.AA	AA.AA.AA.Ax	AA.AA.AA.Bf	1	1078
zA.AA.AA.AA.AA	AA.AA.AA.Bf	AA.AA.AA.CS	1	1079
zA.AA.AA.AA.AA	AA.AA.AA.CS	AA.AA.AA.By	1	1080
zA.AA.AA.AA.AA	AA.AA.AA.CI	AA.AA.AA.CF	1	1082
zA.AA.AA.AA.AA	AA.AA.AA.Bz	AA.AA.AA.Ax	1	1084
zA.AA.AA.AA.AA	AA.AA.AA.Ax	AA.AA.AA.Bc	1	1085
zA.AA.AA.AA.AA	AA.AA.AA.Bf	AA.AA.AA.Bf	1	1088
zA.AA.AA.AA.AA	AA.AA.AA.BW	AA.AA.AA.Bi	1	1092
zA.AA.AA.AA.AA	AA.AA.AA.Bi	AA.AA.AA.Ax	1	1093
zA.AA.AA.AA.AA	AA.AA.AA.Ax	AA.AA.AA.AK	1	1094
zA.AA.AA.AA.AA	AA.AA.AA.BQ	AA.AA.AA.CK	1	1100
zA.AA.AA.AA.AA	AA.AA.AA.CK	AA.AA.AA.CW	1	1101
zA.AA.AA.AA.AA	AA.AA.AA.CW	AA.AA.AA.Ah	4	299
zA.AA.AA.AA.AA	AA.AA.AA.CL	AA.AA.AA.CJ	2	723
zA.AA.AA.AA.AA	AA.AA.AA.CJ	AA.AA.AA.CJ	2	724
zA.AA.AA.AA.AA	AA.AA.AA.CJ	AA.AA.AA.CB	4	147
zA.AA.AA.AA.AA	AA.AA.AA.CB	AA.AA.AA.CK	6	360
zA.AA.AA.AA.AA	AA.AA.AA.CR	AA.AA.AA.CQ	1	1110
zA.AA.AA.AA.AA	AA.AA.AA.Ah	AA.AA.AA.CL	6	87
zA.AA.AA.AA.AA	AA.AA.AA.CP	AA.AA.AA.Ah	7	80
zA.AA.AA.AA.AA	AA.AA.AA.Ah	AA.AA.AA.CM	1	1115
zA.AA.AA.AA.AA	AA.AA.AA.CM	AA.AA.AA.CP	1	1116
zA.AA.AA.AA.AA	AA.AA.AA.CL	AA.AA.AA.By	1	1118
zA.AA.AA.AA.AA	AA.AA.AA.By	AA.AA.AA.CI	5	222
zA.AA.AA.AA.AA	AA.AA.AA.CI	AA.AA.AA.CB	6	223
zA.AA.AA.AA.AA	AA.AA.AA.CB	AA.AA.AA.CJ	2	329
zA.AA.AA.AA.AA	AA.AA.AA.CJ	AA.AA.AA.CQ	4	85
zA.AA.AA.AA.AA	AA.AA.AA.CQ	AA.AA.AA.Au	1	1123
zA.AA.AA.AA.AA	AA.AA.AA.Au	AA.AA.AA.Ah	4	69
zA.AA.AA.AA.AA	AA.AA.AA.Ah	AA.AA.AA.Bz	12	423
zA.AA.AA.AA.AA	AA.AA.AA.CR	AA.AA.AA.Bx	5	418
zA.AA.AA.AA.AA	AA.AA.AA.Bx	AA.AA.AA.Bz	4	508
zA.AA.AA.AA.AA	AA.AA.AA.Bz	AA.AA.AA.CR	4	509
zA.AA.AA.AA.AA	AA.AA.AA.CR	AA.AA.AA.Ah	4	267
zA.AA.AA.AA.AA	AA.AA.AA.Ah	AA.AA.AA.CS	6	90
zA.AA.AA.AA.AA	AA.AA.AA.CS	AA.AA.AA.CQ	4	91
zA.AA.AA.AA.AA	AA.AA.AA.CQ	AA.AA.AA.Ah	20	86
zA.AA.AA.AA.AA	AA.AA.AA.Ah	AA.AA.AA.Bx	8	622
zA.AA.AA.AA.AA	AA.AA.AA.Bx	AA.AA.AA.CR	12	16
zA.AA.AA.AA.AA	AA.AA.AA.CR	AA.AA.AA.BI	3	255
zA.AA.AA.AA.AA	AA.AA.AA.BI	AA.AA.AA.AK	3	407
zA.AA.AA.AA.AA	AA.AA.AA.Ak	AA.AA.AA.Ah	10	0
zA.AA.AA.AA.AA	AA.AA.AA.Ah	AA.AA.AA.Ah	70	150
zA.AA.AA.AA.AA	AA.AA.AA.Ah	AA.AA.AA.CE	7	99
zA.AA.AA.AA.AA	AA.AA.AA.CR	AA.AA.AA.CR	3	101
zA.AA.AA.AA.AA	AA.AA.AA.CR	AA.AA.AA.CM	3	102
zA.AA.AA.AA.AA	AA.AA.AA.CM	AA.AA.AA.BI	3	103
zA.AA.AA.AA.AA	AA.AA.AA.BI	AA.AA.AA.Ax	3	104
zA.AA.AA.AA.AA	AA.AA.AA.Ax	AA.AA.AA.Ax	3	105
zA.AA.AA.AA.AA	AA.AA.AA.Ax	AA.AA.AA.CU	3	106
zA.AA.AA.AA.AA	AA.AA.AA.CU	AA.AA.AA.CU	6	107
zA.AA.AA.AA.AA	AA.AA.AA.CU	AA.AA.AA.Aw	3	109
zA.AA.AA.AA.AA	AA.AA.AA.Aw	AA.AA.AA.CS	3	110
zA.AA.AA.AA.AA	AA.AA.AA.CS	AA.AA.AA.CK	5	111
zA.AA.AA.AA.AA	AA.AA.AA.CK	AA.AA.AA.CF	11	61
zA.AA.AA.AA.AA	AA.AA.AA.CL	AA.AA.AA.CA	12	64
zA.AA.AA.AA.AA	AA.AA.AA.CA	AA.AA.AA.CB	14	65
zA.AA.AA.AA.AA	AA.AA.AA.CB	AA.AA.AA.Aw	6	117
zA.AA.AA.AA.AA	AA.AA.AA.Aw	AA.AA.AA.CL	4	118
zA.AA.AA.AA.AA	AA.AA.AA.CP	AA.AA.AA.CD	4	120
zA.AA.AA.AA.AA	AA.AA.AA.CD	AA.AA.AA.Ax	3	121
zA.AA.AA.AA.AA	AA.AA.AA.Ax	AA.AA.AA.CP	1	1171
zA.AA.AA.AA.AA	AA.AA.AA.CP	AA.AA.AA.CB	3	548
zA.AA.AA.AA.AA	AA.AA.AA.CB	AA.AA.AA.CM	2	557
zA.AA.AA.AA.AA	AA.AA.AA.CM	AA.AA.AA.CL	1	1174
zA.AA.AA.AA.AA	AA.AA.AA.CL	AA.AA.AA.CP	15	79
zA.AA.AA.AA.AA	AA.AA.AA.CP	AA.AA.AA.CR	2	459
zA.AA.AA.AA.AA	AA.AA.AA.CR	AA.AA.AA.CF	3	460
zA.AA.AA.AA.AA	AA.AA.AA.CF	AA.AA.AA.CK	10	429
zA.AA.AA.AA.AA	AA.AA.AA.CK	AA.AA.AA.CD	5	850
zA.AA.AA.AA.AA	AA.AA.AA.CD	AA.AA.AA.Aw	1	1180
zA.AA.AA.AA.AA	AA.AA.AA.Aw	AA.AA.AA.CE	2	135
zA.AA.AA.AA.AA	AA.AA.AA.CE	AA.AA.AA.CR	6	100
zA.AA.AA.AA.AA	AA.AA.AA.CR	AA.AA.AA.CJ	2	137
zA.AA.AA.AA.AA	AA.AA.AA.CJ	AA.AA.AA.CI	2	138
zA.AA.AA.AA.AA	AA.AA.AA.CI	AA.AA.AA.AK	3	139
zA.AA.AA.AA.AA	AA.AA.AA.AK	AA.AA.AA.Ak	35	12
zA.AA.AA.AA.AA	AA.AA.AA.Ak	AA.AA.AA.AK	9	141
zA.AA.AA.AA.AA	AA.AA.AA.Bn	AA.AA.AA.Bj	3	10
zA.AA.AA.AA.AA	AA.AA.AA.Bd	AA.AA.AA.Bg	1	1342
zA.AA.AA.AA.AA	AA.AA.AA.Bk	AA.AA.AA.BY	1	1344
zA.AA.AA.AA.AA	AA.AA.AA.Bh	AA.AA.AA.Bp	1	1346
zA.AA.AA.AA.AA	AA.AA.AA.Ba	AA.AA.AA.Bi	1	1411
zA.AA.AA.AA.AA	AA.AA.AA.BY	AA.AA.AA.Bq	1	1435
zA.AA.AA.AA.AA	AA.AA.AA.Bq	AA.AA.AA.Be	1	1436
zA.AA.AA.AA.AA	AA.AA.AA.BR	AA.AA.AA.Bk	2	1445
zA.AA.AA.AA.AA	AA.AA.AA.Bh	AA.AA.AA.Bc	1	1528
zA.AA.AA.AA.AA	AA.AA.AA.Bc	AA.AA.AA.Ah	1	1529
zA.AA.AA.AA.AA	AA.AA.AA.BQ	AA.AA.AA.BW	1	1555
zA.AA.AA.AA.AA	AA.AA.AA.BX	AA.AA.AA.BY	2	1581
zA.AA.AA.AA.AA	AA.AA.AA.BY	AA.AA.AA.BV	2	1582
zA.AA.AA.AA.AA	AA.AA.AA.Az	AA.AA.AA.Ay	2	1615
zA.AA.AA.AA.AA	AA.AA.AA.Bd	AA.AA.AA.Ba	1	1634
zA.AA.AA.AA.AA	AA.AA.AA.Az	AA.AA.AA.Az	2	1646
zA.AA.AA.AA.AA	AA.AA.AA.Az	AA.AA.AA.BA	3	26
zA.AA.AA.AA.AA	AA.AA.AA.Az	AA.AA.AA.BB	2	1712
zA.AA.AA.AA.AA	AA.AA.AA.Az	AA.AA.AA.BC	2	1747
zA.AA.AA.AA.AA	AA.AA.AA.Az	AA.AA.AA.BD	5	23
zA.AA.AA.AA.AA	AA.AA.AA.Ba	AA.AA.AA.Bd	2	1365
zA.AA.AA.AA.AA	AA.AA.AA.Bm	AA.AA.AA.Bb	2	1368
zA.AA.AA.AA.AA	AA.AA.AA.BT	AA.AA.AA.BW	2	1371
zA.AA.AA.AA.AA	AA.AA.AA.BW	AA.AA.AA.BU	3	1372
zA.AA.AA.AA.AA	AA.AA.AA.Az	AA.AA.AA.BE	2	1816
zA.AA.AA.AA.AA	AA.AA.AA.Bi	AA.AA.AA.Bp	1	1828
zA.AA.AA.AA.AA	AA.AA.AA.Bp	AA.AA.AA.Bd	1	1829
zA.AA.AA.AA.AA	AA.AA.AA.BS	AA.AA.AA.BX	1	1831
zA.AA.AA.AA.AA	AA.AA.AA.Az	AA.AA.AA.BF	2	1847
zA.AA.AA.AA.AA	AA.AA.AA.Bd	AA.AA.AA.Bi	2	1317
zA.AA.AA.AA.AA	AA.AA.AA.Be	AA.AA.AA.BS	1	1881
zA.AA.AA.AA.AA	AA.AA.AA.Az	AA.AA.AA.BG	2	1887
zA.AA.AA.AA.AA	AA.AA.AA.Az	AA.AA.AA.BH	6	35
zA.AA.AA.AA.AA	AA.AA.AA.BV	AA.AA.AA.Ah	6	1229
zA.AA.AA.AA.AA	AA.AA.AA.BY	AA.AA.AA.Bk	1	1930
zA.AA.AA.AA.AA	AA.AA.AA.Az	AA.AA.AA.BQ	2	1936
zA.AA.AA.AA.AA	AA.AA.AA.BR	AA.AA.AA.Bi	1	1950
zA.AA.AA.AA.AA	AA.AA.AA.Bj	AA.AA.AA.Bk	2	1561
zA.AA.AA.AA.AA	AA.AA.AA.Az	AA.AA.AA.BR	2	1961
zA.AA.AA.AA.AA	AA.AA.AA.Az	AA.AA.AA.BS	2	1982
zA.AA.AA.AA.AA	AA.AA.AA.Az	AA.AA.AA.BT	2	2011
zA.AA.AA.AA.AA	AA.AA.AA.Az	AA.AA.AA.BU	2	2041
zA.AA.AA.AA.AA	AA.AA.AA.CV	AA.AA.AA.Az	16	1614
zA.AA.AA.AA.AA	AA.AA.AA.Ay	AA.AA.AA.Az	21	22
zA.AA.AA.AA.AA	AA.AA.AA.Az	AA.AA.AA.BV	2	2072
zA.AA.AA.AA.AA	AA.AA.AA.AJ	AA.AA.AA.Bk	3	195
zA.AA.AA.AA.AA	AA.AA.AA.BU	AA.AA.AA.Bf	4	2000
zA.AA.AA.AA.AA	AA.AA.AA.BA	AA.AA.AA.Ay	6	21
zA.AA.AA.AA.AA	AA.AA.AA.BA	AA.AA.AA.Az	2	2121
zA.AA.AA.AA.AA	AA.AA.AA.BA	AA.AA.AA.BA	2	2152
zA.AA.AA.AA.AA	AA.AA.AA.BA	AA.AA.AA.BB	2	2181
zA.AA.AA.AA.AA	AA.AA.AA.Bc	AA.AA.AA.BR	1	2195
zA.AA.AA.AA.AA	AA.AA.AA.BA	AA.AA.AA.BC	2	2207
zA.AA.AA.AA.AA	AA.AA.AA.BA	AA.AA.AA.BD	2	2233
zA.AA.AA.AA.AA	AA.AA.AA.BA	AA.AA.AA.BE	2	2260
zA.AA.AA.AA.AA	AA.AA.AA.Bc	AA.AA.AA.Bf	1	2273
zA.AA.AA.AA.AA	AA.AA.AA.Bi	AA.AA.AA.BQ	1	2277
zA.AA.AA.AA.AA	AA.AA.AA.BA	AA.AA.AA.BF	3	301
zA.AA.AA.AA.AA	AA.AA.AA.Be	AA.AA.AA.Bi	1	2298
zA.AA.AA.AA.AA	AA.AA.AA.BA	AA.AA.AA.BG	2	2309
zA.AA.AA.AA.AA	AA.AA.AA.BA	AA.AA.AA.BH	2	2340
zA.AA.AA.AA.AA	AA.AA.AA.BA	AA.AA.AA.BQ	2	2372
zA.AA.AA.AA.AA	AA.AA.AA.Bi	AA.AA.AA.Ba	1	2390
zA.AA.AA.AA.AA	AA.AA.AA.BA	AA.AA.AA.BR	2	2395
zA.AA.AA.AA.AA	AA.AA.AA.BA	AA.AA.AA.BS	2	2419
zA.AA.AA.AA.AA	AA.AA.AA.BA	AA.AA.AA.BT	2	2439
zA.AA.AA.AA.AA	AA.AA.AA.AJ	AA.AA.AA.BX	2	1431
zA.AA.AA.AA.AA	AA.AA.AA.Bd	AA.AA.AA.Av	1	2456
zA.AA.AA.AA.AA	AA.AA.AA.BA	AA.AA.AA.BU	2	2466
zA.AA.AA.AA.AA	AA.AA.AA.BV	AA.AA.AA.Bk	1	2478
zA.AA.AA.AA.AA	AA.AA.AA.CV	AA.AA.AA.BA	16	2100
zA.AA.AA.AA.AA	AA.AA.AA.Ay	AA.AA.AA.BA	20	29
zA.AA.AA.AA.AA	AA.AA.AA.BA	AA.AA.AA.BV	2	2490
zA.AA.AA.AA.AA	AA.AA.AA.BB	AA.AA.AA.Ay	2	2512
zA.AA.AA.AA.AA	AA.AA.AA.Bq	AA.AA.AA.BU	1	2530
zA.AA.AA.AA.AA	AA.AA.AA.BB	AA.AA.AA.Az	2	2537
zA.AA.AA.AA.AA	AA.AA.AA.BB	AA.AA.AA.BA	2	2561
zA.AA.AA.AA.AA	AA.AA.AA.BB	AA.AA.AA.BB	2	2585
zA.AA.AA.AA.AA	AA.AA.AA.BB	AA.AA.AA.BC	2	2611
zA.AA.AA.AA.AA	AA.AA.AA.BV	AA.AA.AA.Be	3	1526
zA.AA.AA.AA.AA	AA.AA.AA.BB	AA.AA.AA.BD	2	2636
zA.AA.AA.AA.AA	AA.AA.AA.BV	AA.AA.AA.BY	2	1994
zA.AA.AA.AA.AA	AA.AA.AA.BB	AA.AA.AA.BE	2	2661
zA.AA.AA.AA.AA	AA.AA.AA.BY	AA.AA.AA.Bn	1	2680
zA.AA.AA.AA.AA	AA.AA.AA.BB	AA.AA.AA.BF	2	2685
zA.AA.AA.AA.AA	AA.AA.AA.BB	AA.AA.AA.BG	2	2711
zA.AA.AA.AA.AA	AA.AA.AA.BU	AA.AA.AA.BY	1	2729
zA.AA.AA.AA.AA	AA.AA.AA.BB	AA.AA.AA.BH	2	2737
zA.AA.AA.AA.AA	AA.AA.AA.BB	AA.AA.AA.BQ	2	2762
zA.AA.AA.AA.AA	AA.AA.AA.BB	AA.AA.AA.BR	2	2782
zA.AA.AA.AA.AA	AA.AA.AA.BB	AA.AA.AA.BS	2	2806
zA.AA.AA.AA.AA	AA.AA.AA.Bi	AA.AA.AA.Bi	3	1321
zA.AA.AA.AA.AA	AA.AA.AA.BB	AA.AA.AA.BT	2	2835
zA.AA.AA.AA.AA	AA.AA.AA.AJ	AA.AA.AA.BU	8	1280
zA.AA.AA.AA.AA	AA.AA.AA.BU	AA.AA.AA.Bg	1	2847
zA.AA.AA.AA.AA	AA.AA.AA.Bb	AA.AA.AA.Bi	1	2851
zA.AA.AA.AA.AA	AA.AA.AA.BB	AA.AA.AA.BU	2	2861
zA.AA.AA.AA.AA	AA.AA.AA.Bh	AA.AA.AA.Av	1	2879
zA.AA.AA.AA.AA	AA.AA.AA.Av	AA.AA.AA.Bj	2	2822
zA.AA.AA.AA.AA	AA.AA.AA.CV	AA.AA.AA.BB	16	2511
zA.AA.AA.AA.AA	AA.AA.AA.Ay	AA.AA.AA.BB	18	1269
zA.AA.AA.AA.AA	AA.AA.AA.BB	AA.AA.AA.BV	2	2893
zA.AA.AA.AA.AA	AA.AA.AA.AJ	AA.AA.AA.Bg	2	2163
zA.AA.AA.AA.AA	AA.AA.AA.BC	AA.AA.AA.Ay	2	2921
zA.AA.AA.AA.AA	AA.AA.AA.Be	AA.AA.AA.Bc	2	2432
zA.AA.AA.AA.AA	AA.AA.AA.Bc	AA.AA.AA.Bc	2	2433
zA.AA.AA.AA.AA	AA.AA.AA.Bc	AA.AA.AA.BU	2	1927
zA.AA.AA.AA.AA	AA.AA.AA.BC	AA.AA.AA.Az	2	2949
zA.AA.AA.AA.AA	AA.AA.AA.BC	AA.AA.AA.BA	2	2986
zA.AA.AA.AA.AA	AA.AA.AA.BC	AA.AA.AA.BB	2	3023
zA.AA.AA.AA.AA	AA.AA.AA.BC	AA.AA.AA.BC	2	3060
zA.AA.AA.AA.AA	AA.AA.AA.BC	AA.AA.AA.BD	2	3097
zA.AA.AA.AA.AA	AA.AA.AA.BC	AA.AA.AA.BE	2	3134
zA.AA.AA.AA.AA	AA.AA.AA.BC	AA.AA.AA.BF	2	3171
zA.AA.AA.AA.AA	AA.AA.AA.BC	AA.AA.AA.BG	2	3208
zA.AA.AA.AA.AA	AA.AA.AA.BC	AA.AA.AA.BH	2	3245
zA.AA.AA.AA.AA	AA.AA.AA.BC	AA.AA.AA.BQ	2	3282
zA.AA.AA.AA.AA	AA.AA.AA.BC	AA.AA.AA.BR	2	3319
zA.AA.AA.AA.AA	AA.AA.AA.BC	AA.AA.AA.BS	2	3356
zA.AA.AA.AA.AA	AA.AA.AA.BC	AA.AA.AA.BT	2	3393
zA.AA.AA.AA.AA	AA.AA.AA.BC	AA.AA.AA.BU	2	3430
zA.AA.AA.AA.AA	AA.AA.AA.CV	AA.AA.AA.BC	16	2920
zA.AA.AA.AA.AA	AA.AA.AA.Ay	AA.AA.AA.BC	18	1295
zA.AA.AA.AA.AA	AA.AA.AA.BC	AA.AA.AA.BV	2	3467
zA.AA.AA.AA.AA	AA.AA.AA.BD	AA.AA.AA.Ay	2	3504
zA.AA.AA.AA.AA	AA.AA.AA.BD	AA.AA.AA.Az	2	3541
zA.AA.AA.AA.AA	AA.AA.AA.BD	AA.AA.AA.BA	2	3578
zA.AA.AA.AA.AA	AA.AA.AA.BD	AA.AA.AA.BB	2	3615
zA.AA.AA.AA.AA	AA.AA.AA.BD	AA.AA.AA.BC	2	3652
zA.AA.AA.AA.AA	AA.AA.AA.BD	AA.AA.AA.BD	2	3689
zA.AA.AA.AA.AA	AA.AA.AA.BD	AA.AA.AA.BE	2	3726
zA.AA.AA.AA.AA	AA.AA.AA.BD	AA.AA.AA.BF	2	3763
zA.AA.AA.AA.AA	AA.AA.AA.BD	AA.AA.AA.BG	2	3800
zA.AA.AA.AA.AA	AA.AA.AA.BD	AA.AA.AA.BH	7	4
zA.AA.AA.AA.AA	AA.AA.AA.BD	AA.AA.AA.BQ	2	3874
zA.AA.AA.AA.AA	AA.AA.AA.BD	AA.AA.AA.BR	2	3911
zA.AA.AA.AA.AA	AA.AA.AA.BD	AA.AA.AA.BS	2	3945
zA.AA.AA.AA.AA	AA.AA.AA.BU	AA.AA.AA.Bl	6	1659
zA.AA.AA.AA.AA	AA.AA.AA.Be	AA.AA.AA.Bb	9	1670
zA.AA.AA.AA.AA	AA.AA.AA.BT	AA.AA.AA.Bk	2	2506
zA.AA.AA.AA.AA	AA.AA.AA.BD	AA.AA.AA.BT	2	3975
zA.AA.AA.AA.AA	AA.AA.AA.Bi	AA.AA.AA.Bg	2	3928
zA.AA.AA.AA.AA	AA.AA.AA.BD	AA.AA.AA.BU	2	4010
zA.AA.AA.AA.AA	AA.AA.AA.Bn	AA.AA.AA.Ah	1	4031
zA.AA.AA.AA.AA	AA.AA.AA.CV	AA.AA.AA.BD	16	3503
zA.AA.AA.AA.AA	AA.AA.AA.Ay	AA.AA.AA.BD	18	1329
zA.AA.AA.AA.AA	AA.AA.AA.BD	AA.AA.AA.BV	2	4042
zA.AA.AA.AA.AA	AA.AA.AA.Bb	AA.AA.AA.Be	4	1880
zA.AA.AA.AA.AA	AA.AA.AA.BE	AA.AA.AA.Ay	2	4065
zA.AA.AA.AA.AA	AA.AA.AA.AJ	AA.AA.AA.BW	4	393
zA.AA.AA.AA.AA	AA.AA.AA.BE	AA.AA.AA.Az	2	4092
zA.AA.AA.AA.AA	AA.AA.AA.BE	AA.AA.AA.BA	2	4127
zA.AA.AA.AA.AA	AA.AA.AA.BR	AA.AA.AA.AK	2	3019
zA.AA.AA.AA.AA	AA.AA.AA.BE	AA.AA.AA.BB	2	4162
zA.AA.AA.AA.AA	AA.AA.AA.BS	AA.AA.AA.AK	2	3056
zA.AA.AA.AA.AA	AA.AA.AA.BE	AA.AA.AA.BC	2	4197
zA.AA.AA.AA.AA	AA.AA.AA.BT	AA.AA.AA.AK	5	1476
zA.AA.AA.AA.AA	AA.AA.AA.BE	AA.AA.AA.BD	2	4232
zA.AA.AA.AA.AA	AA.AA.AA.BE	AA.AA.AA.BE	2	4267
zA.AA.AA.AA.AA	AA.AA.AA.BE	AA.AA.AA.BF	2	4302
zA.AA.AA.AA.AA	AA.AA.AA.BW	AA.AA.AA.AK	3	1237
zA.AA.AA.AA.AA	AA.AA.AA.BE	AA.AA.AA.BG	2	4337
zA.AA.AA.AA.AA	AA.AA.AA.BX	AA.AA.AA.AK	2	3241
zA.AA.AA.AA.AA	AA.AA.AA.BE	AA.AA.AA.BH	2	4372
zA.AA.AA.AA.AA	AA.AA.AA.BY	AA.AA.AA.AK	2	3278
zA.AA.AA.AA.AA	AA.AA.AA.BE	AA.AA.AA.BQ	2	4407
zA.AA.AA.AA.AA	AA.AA.AA.Ah	AA.AA.AA.BZ	3	295
zA.AA.AA.AA.AA	AA.AA.AA.BZ	AA.AA.AA.AK	2	3315
zA.AA.AA.AA.AA	AA.AA.AA.BE	AA.AA.AA.BR	2	4442
zA.AA.AA.AA.AA	AA.AA.AA.Ah	AA.AA.AA.Ba	3	358
zA.AA.AA.AA.AA	AA.AA.AA.BE	AA.AA.AA.BS	2	4477
zA.AA.AA.AA.AA	AA.AA.AA.Bb	AA.AA.AA.AK	5	1206
zA.AA.AA.AA.AA	AA.AA.AA.BE	AA.AA.AA.BT	2	4512
zA.AA.AA.AA.AA	AA.AA.AA.Bc	AA.AA.AA.AK	3	1932
zA.AA.AA.AA.AA	AA.AA.AA.BE	AA.AA.AA.BU	2	4547
zA.AA.AA.AA.AA	AA.AA.AA.CV	AA.AA.AA.BE	16	4064
zA.AA.AA.AA.AA	AA.AA.AA.Ay	AA.AA.AA.BE	18	1351
zA.AA.AA.AA.AA	AA.AA.AA.BE	AA.AA.AA.BV	2	4582
zA.AA.AA.AA.AA	AA.AA.AA.BF	AA.AA.AA.Ay	2	4617
zA.AA.AA.AA.AA	AA.AA.AA.Ah	AA.AA.AA.Bf	4	2325
zA.AA.AA.AA.AA	AA.AA.AA.Bf	AA.AA.AA.AK	3	2486
zA.AA.AA.AA.AA	AA.AA.AA.BF	AA.AA.AA.Az	2	4652
zA.AA.AA.AA.AA	AA.AA.AA.Bg	AA.AA.AA.AK	2	3574
zA.AA.AA.AA.AA	AA.AA.AA.BF	AA.AA.AA.BA	2	4687
zA.AA.AA.AA.AA	AA.AA.AA.BF	AA.AA.AA.BB	2	4722
zA.AA.AA.AA.AA	AA.AA.AA.BF	AA.AA.AA.BC	2	4757
zA.AA.AA.AA.AA	AA.AA.AA.BF	AA.AA.AA.BD	2	4792
zA.AA.AA.AA.AA	AA.AA.AA.Bk	AA.AA.AA.AK	2	3722
zA.AA.AA.AA.AA	AA.AA.AA.BF	AA.AA.AA.BE	2	4827
zA.AA.AA.AA.AA	AA.AA.AA.Ah	AA.AA.AA.Bl	2	3758
zA.AA.AA.AA.AA	AA.AA.AA.Bl	AA.AA.AA.AK	2	3759
zA.AA.AA.AA.AA	AA.AA.AA.BF	AA.AA.AA.BF	2	4862
zA.AA.AA.AA.AA	AA.AA.AA.Bm	AA.AA.AA.AK	2	3796
zA.AA.AA.AA.AA	AA.AA.AA.BF	AA.AA.AA.BG	2	4897
zA.AA.AA.AA.AA	AA.AA.AA.Ah	AA.AA.AA.Bn	2	3832
zA.AA.AA.AA.AA	AA.AA.AA.BF	AA.AA.AA.BH	2	4932
zA.AA.AA.AA.AA	AA.AA.AA.Bp	AA.AA.AA.AK	3	1347
zA.AA.AA.AA.AA	AA.AA.AA.BF	AA.AA.AA.BQ	2	4967
zA.AA.AA.AA.AA	AA.AA.AA.Ah	AA.AA.AA.Bq	3	2529
zA.AA.AA.AA.AA	AA.AA.AA.Bq	AA.AA.AA.AK	2	3907
zA.AA.AA.AA.AA	AA.AA.AA.BF	AA.AA.AA.BR	2	5002
zA.AA.AA.AA.AA	AA.AA.AA.BF	AA.AA.AA.BS	2	5035
zA.AA.AA.AA.AA	AA.AA.AA.BF	AA.AA.AA.BT	2	5063
zA.AA.AA.AA.AA	AA.AA.AA.Bh	AA.AA.AA.Bb	2	5021
zA.AA.AA.AA.AA	AA.AA.AA.Bb	AA.AA.AA.Bp	2	5022
zA.AA.AA.AA.AA	AA.AA.AA.BS	AA.AA.AA.Ba	8	1364
zA.AA.AA.AA.AA	AA.AA.AA.BF	AA.AA.AA.BU	2	5097
zA.AA.AA.AA.AA	AA.AA.AA.AJ	AA.AA.AA.Bj	5	219
zA.AA.AA.AA.AA	AA.AA.AA.CV	AA.AA.AA.BF	16	4616
zA.AA.AA.AA.AA	AA.AA.AA.Ay	AA.AA.AA.BF	18	1377
zA.AA.AA.AA.AA	AA.AA.AA.BF	AA.AA.AA.BV	2	5117
zA.AA.AA.AA.AA	AA.AA.AA.BU	AA.AA.AA.Bb	3	1390
zA.AA.AA.AA.AA	AA.AA.AA.BG	AA.AA.AA.Ay	2	5138
zA.AA.AA.AA.AA	AA.AA.AA.BG	AA.AA.AA.Az	2	5162
zA.AA.AA.AA.AA	AA.AA.AA.BG	AA.AA.AA.BA	2	5186
zA.AA.AA.AA.AA	AA.AA.AA.BG	AA.AA.AA.BB	2	5210
zA.AA.AA.AA.AA	AA.AA.AA.BG	AA.AA.AA.BC	2	5234
zA.AA.AA.AA.AA	AA.AA.AA.BG	AA.AA.AA.BD	7	3
zA.AA.AA.AA.AA	AA.AA.AA.BG	AA.AA.AA.BE	2	5282
zA.AA.AA.AA.AA	AA.AA.AA.BG	AA.AA.AA.BF	2	5306
zA.AA.AA.AA.AA	AA.AA.AA.BG	AA.AA.AA.BG	7	2
zA.AA.AA.AA.AA	AA.AA.AA.BG	AA.AA.AA.BH	2	5354
zA.AA.AA.AA.AA	AA.AA.AA.BG	AA.AA.AA.BQ	2	5378
zA.AA.AA.AA.AA	AA.AA.AA.BG	AA.AA.AA.BR	2	5402
zA.AA.AA.AA.AA	AA.AA.AA.BG	AA.AA.AA.BS	2	5426
zA.AA.AA.AA.AA	AA.AA.AA.BG	AA.AA.AA.BT	2	5450
zA.AA.AA.AA.AA	AA.AA.AA.BG	AA.AA.AA.BU	2	5474
zA.AA.AA.AA.AA	AA.AA.AA.CV	AA.AA.AA.BG	16	5137
zA.AA.AA.AA.AA	AA.AA.AA.Ay	AA.AA.AA.BG	18	1396
zA.AA.AA.AA.AA	AA.AA.AA.BG	AA.AA.AA.BV	2	5498
zA.AA.AA.AA.AA	AA.AA.AA.BH	AA.AA.AA.Ay	2	5522
zA.AA.AA.AA.AA	AA.AA.AA.BH	AA.AA.AA.Az	2	5546
zA.AA.AA.AA.AA	AA.AA.AA.BH	AA.AA.AA.BA	2	5570
zA.AA.AA.AA.AA	AA.AA.AA.BH	AA.AA.AA.BB	2	5594
zA.AA.AA.AA.AA	AA.AA.AA.BH	AA.AA.AA.BC	2	5618
zA.AA.AA.AA.AA	AA.AA.AA.BH	AA.AA.AA.BD	2	5642
zA.AA.AA.AA.AA	AA.AA.AA.BH	AA.AA.AA.BE	2	5666
zA.AA.AA.AA.AA	AA.AA.AA.BH	AA.AA.AA.BF	2	5690
zA.AA.AA.AA.AA	AA.AA.AA.BH	AA.AA.AA.BG	4	180
zA.AA.AA.AA.AA	AA.AA.AA.BH	AA.AA.AA.BH	6	179
zA.AA.AA.AA.AA	AA.AA.AA.BH	AA.AA.AA.BQ	2	5762
zA.AA.AA.AA.AA	AA.AA.AA.BH	AA.AA.AA.BR	2	5786
zA.AA.AA.AA.AA	AA.AA.AA.BH	AA.AA.AA.BS	2	5810
zA.AA.AA.AA.AA	AA.AA.AA.BH	AA.AA.AA.BT	2	5834
zA.AA.AA.AA.AA	AA.AA.AA.BH	AA.AA.AA.BU	2	5858
zA.AA.AA.AA.AA	AA.AA.AA.CV	AA.AA.AA.BH	16	5521
zA.AA.AA.AA.AA	AA.AA.AA.Ay	AA.AA.AA.BH	18	1420
zA.AA.AA.AA.AA	AA.AA.AA.BH	AA.AA.AA.BV	2	5882
zA.AA.AA.AA.AA	AA.AA.AA.AJ	AA.AA.AA.BK	32	5149
zA.AA.AA.AA.AA	AA.AA.AA.BK	AA.AA.AA.Bz	32	5150
zA.AA.AA.AA.AA	AA.AA.AA.Bz	AA.AA.AA.CL	51	63
zA.AA.AA.AA.AA	AA.AA.AA.CL	AA.AA.AA.CK	44	209
zA.AA.AA.AA.AA	AA.AA.AA.CK	AA.AA.AA.CR	39	426
zA.AA.AA.AA.AA	AA.AA.AA.CR	AA.AA.AA.CP	34	751
zA.AA.AA.AA.AA	AA.AA.AA.CP	AA.AA.AA.CL	34	882
zA.AA.AA.AA.AA	AA.AA.AA.CL	AA.AA.AA.CI	38	567
zA.AA.AA.AA.AA	AA.AA.AA.CI	AA.AA.AA.BM	32	5157
zA.AA.AA.AA.AA	AA.AA.AA.BM	AA.AA.AA.AK	33	388
zA.AA.AA.AA.AA	AA.AA.AA.BQ	AA.AA.AA.Ay	2	5906
zA.AA.AA.AA.AA	AA.AA.AA.Be	AA.AA.AA.Av	1	5919
zA.AA.AA.AA.AA	AA.AA.AA.Av	AA.AA.AA.BR	1	5920
zA.AA.AA.AA.AA	AA.AA.AA.BQ	AA.AA.AA.Ba	1	5924
zA.AA.AA.AA.AA	AA.AA.AA.Ba	AA.AA.AA.Ah	2	1635
zA.AA.AA.AA.AA	AA.AA.AA.Bi	AA.AA.AA.Bf	3	1412
zA.AA.AA.AA.AA	AA.AA.AA.Bf	AA.AA.AA.BQ	9	1413
zA.AA.AA.AA.AA	AA.AA.AA.BQ	AA.AA.AA.Az	2	5935
zA.AA.AA.AA.AA	AA.AA.AA.Bn	AA.AA.AA.BS	2	2134
zA.AA.AA.AA.AA	AA.AA.AA.BS	AA.AA.AA.Bb	2	2135
zA.AA.AA.AA.AA	AA.AA.AA.BQ	AA.AA.AA.Bc	3	2137
zA.AA.AA.AA.AA	AA.AA.AA.BQ	AA.AA.AA.BA	2	5975
zA.AA.AA.AA.AA	AA.AA.AA.BQ	AA.AA.AA.BB	2	5999
zA.AA.AA.AA.AA	AA.AA.AA.Bk	AA.AA.AA.Bd	2	2084
zA.AA.AA.AA.AA	AA.AA.AA.BQ	AA.AA.AA.BC	2	6024
zA.AA.AA.AA.AA	AA.AA.AA.Bk	AA.AA.AA.Bh	6	1562
zA.AA.AA.AA.AA	AA.AA.AA.Bh	AA.AA.AA.Bh	2	1552
zA.AA.AA.AA.AA	AA.AA.AA.Bd	AA.AA.AA.BS	3	1830
zA.AA.AA.AA.AA	AA.AA.AA.BS	AA.AA.AA.Bp	1	6042
zA.AA.AA.AA.AA	AA.AA.AA.BQ	AA.AA.AA.BD	2	6052
zA.AA.AA.AA.AA	AA.AA.AA.AJ	AA.AA.AA.Bp	1	6063
zA.AA.AA.AA.AA	AA.AA.AA.Bp	AA.AA.AA.BU	1	6064
zA.AA.AA.AA.AA	AA.AA.AA.BQ	AA.AA.AA.BE	2	6075
zA.AA.AA.AA.AA	AA.AA.AA.AJ	AA.AA.AA.BR	3	1388
zA.AA.AA.AA.AA	AA.AA.AA.BR	AA.AA.AA.Bh	6	3935
zA.AA.AA.AA.AA	AA.AA.AA.Ah	AA.AA.AA.BR	8	1878
zA.AA.AA.AA.AA	AA.AA.AA.BQ	AA.AA.AA.BF	2	6100
zA.AA.AA.AA.AA	AA.AA.AA.Bi	AA.AA.AA.BU	8	1999
zA.AA.AA.AA.AA	AA.AA.AA.BQ	AA.AA.AA.BG	2	6127
zA.AA.AA.AA.AA	AA.AA.AA.BQ	AA.AA.AA.BH	2	6151
zA.AA.AA.AA.AA	AA.AA.AA.BS	AA.AA.AA.Be	10	1665
zA.AA.AA.AA.AA	AA.AA.AA.Be	AA.AA.AA.Bf	3	2302
zA.AA.AA.AA.AA	AA.AA.AA.Bf	AA.AA.AA.Bp	1	6165
zA.AA.AA.AA.AA	AA.AA.AA.Bp	AA.AA.AA.Bh	1	6166
zA.AA.AA.AA.AA	AA.AA.AA.BQ	AA.AA.AA.BQ	2	6180
zA.AA.AA.AA.AA	AA.AA.AA.AJ	AA.AA.AA.BV	5	536
zA.AA.AA.AA.AA	AA.AA.AA.BU	AA.AA.AA.Bc	2	2795
zA.AA.AA.AA.AA	AA.AA.AA.Bd	AA.AA.AA.BY	3	2085
zA.AA.AA.AA.AA	AA.AA.AA.AJ	AA.AA.AA.Bd	6	144
zA.AA.AA.AA.AA	AA.AA.AA.Bd	AA.AA.AA.Be	5	1366
zA.AA.AA.AA.AA	AA.AA.AA.BQ	AA.AA.AA.BT	3	1233
zA.AA.AA.AA.AA	AA.AA.AA.Bi	AA.AA.AA.Be	7	164
zA.AA.AA.AA.AA	AA.AA.AA.Be	AA.AA.AA.BV	7	1228
zA.AA.AA.AA.AA	AA.AA.AA.BV	AA.AA.AA.Bj	7	1583
zA.AA.AA.AA.AA	AA.AA.AA.BX	AA.AA.AA.Bp	2	2451
zA.AA.AA.AA.AA	AA.AA.AA.Bp	AA.AA.AA.Bf	2	2452
zA.AA.AA.AA.AA	AA.AA.AA.Bf	AA.AA.AA.BX	3	2303
zA.AA.AA.AA.AA	AA.AA.AA.BX	AA.AA.AA.BU	6	1231
zA.AA.AA.AA.AA	AA.AA.AA.BW	AA.AA.AA.BY	11	2526
zA.AA.AA.AA.AA	AA.AA.AA.CV	AA.AA.AA.BQ	16	5905
zA.AA.AA.AA.AA	AA.AA.AA.Ay	AA.AA.AA.BQ	18	1456
zA.AA.AA.AA.AA	AA.AA.AA.BQ	AA.AA.AA.BV	2	6356
zA.AA.AA.AA.AA	AA.AA.AA.BR	AA.AA.AA.Ay	2	6377
zA.AA.AA.AA.AA	AA.AA.AA.BU	AA.AA.AA.BW	3	1794
zA.AA.AA.AA.AA	AA.AA.AA.BR	AA.AA.AA.Az	2	6403
zA.AA.AA.AA.AA	AA.AA.AA.Bb	AA.AA.AA.Bk	2	2408
zA.AA.AA.AA.AA	AA.AA.AA.Bi	AA.AA.AA.Av	2	2821
zA.AA.AA.AA.AA	AA.AA.AA.Av	AA.AA.AA.Bc	2	2457
zA.AA.AA.AA.AA	AA.AA.AA.Bd	AA.AA.AA.Bk	4	1203
zA.AA.AA.AA.AA	AA.AA.AA.Bk	AA.AA.AA.Bi	7	1837
zA.AA.AA.AA.AA	AA.AA.AA.BR	AA.AA.AA.BA	2	6433
zA.AA.AA.AA.AA	AA.AA.AA.Bj	AA.AA.AA.Bm	3	1706
zA.AA.AA.AA.AA	AA.AA.AA.Bm	AA.AA.AA.Be	3	1707
zA.AA.AA.AA.AA	AA.AA.AA.Be	AA.AA.AA.AK	6	1708
zA.AA.AA.AA.AA	AA.AA.AA.BR	AA.AA.AA.BB	2	6463
zA.AA.AA.AA.AA	AA.AA.AA.BR	AA.AA.AA.BC	2	6495
zA.AA.AA.AA.AA	AA.AA.AA.AJ	AA.AA.AA.BQ	7	340
zA.AA.AA.AA.AA	AA.AA.AA.BU	AA.AA.AA.Bd	18	1281
zA.AA.AA.AA.AA	AA.AA.AA.BR	AA.AA.AA.BD	2	6522
zA.AA.AA.AA.AA	AA.AA.AA.BR	AA.AA.AA.BE	2	6547
zA.AA.AA.AA.AA	AA.AA.AA.AJ	AA.AA.AA.Bf	5	2244
zA.AA.AA.AA.AA	AA.AA.AA.Bb	AA.AA.AA.BS	1	6561
zA.AA.AA.AA.AA	AA.AA.AA.Be	AA.AA.AA.Bm	4	1367
zA.AA.AA.AA.AA	AA.AA.AA.Bm	AA.AA.AA.Ah	2	4056
zA.AA.AA.AA.AA	AA.AA.AA.BR	AA.AA.AA.BF	2	6574
zA.AA.AA.AA.AA	AA.AA.AA.Bc	AA.AA.AA.BY	8	1319
zA.AA.AA.AA.AA	AA.AA.AA.BY	AA.AA.AA.BT	4	1840
zA.AA.AA.AA.AA	AA.AA.AA.BT	AA.AA.AA.Bb	2	1841
zA.AA.AA.AA.AA	AA.AA.AA.Bj	AA.AA.AA.AK	16	11
zA.AA.AA.AA.AA	AA.AA.AA.BR	AA.AA.AA.BG	2	6599
zA.AA.AA.AA.AA	AA.AA.AA.AJ	AA.AA.AA.BS	10	1549
zA.AA.AA.AA.AA	AA.AA.AA.BR	AA.AA.AA.BH	2	6621
zA.AA.AA.AA.AA	AA.AA.AA.AJ	AA.AA.AA.Bi	14	1221
zA.AA.AA.AA.AA	AA.AA.AA.Bi	AA.AA.AA.Bk	4	1948
zA.AA.AA.AA.AA	AA.AA.AA.Bk	AA.AA.AA.Bf	4	2026
zA.AA.AA.AA.AA	AA.AA.AA.Bf	AA.AA.AA.BU	7	1641
zA.AA.AA.AA.AA	AA.AA.AA.BS	AA.AA.AA.Bh	6	6370
zA.AA.AA.AA.AA	AA.AA.AA.Bf	AA.AA.AA.Bj	3	6454
zA.AA.AA.AA.AA	AA.AA.AA.Bj	AA.AA.AA.Ah	30	43
zA.AA.AA.AA.AA	AA.AA.AA.BR	AA.AA.AA.BQ	4	1408
zA.AA.AA.AA.AA	AA.AA.AA.BQ	AA.AA.AA.Bi	2	2384
zA.AA.AA.AA.AA	AA.AA.AA.Bi	AA.AA.AA.BS	6	1638
zA.AA.AA.AA.AA	AA.AA.AA.Bh	AA.AA.AA.BT	3	2057
zA.AA.AA.AA.AA	AA.AA.AA.Bd	AA.AA.AA.BQ	2	6205
zA.AA.AA.AA.AA	AA.AA.AA.Bd	AA.AA.AA.BT	8	1282
zA.AA.AA.AA.AA	AA.AA.AA.Bj	AA.AA.AA.Be	7	2005
zA.AA.AA.AA.AA	AA.AA.AA.BR	AA.AA.AA.BR	2	6693
zA.AA.AA.AA.AA	AA.AA.AA.AJ	AA.AA.AA.Bh	7	2052
zA.AA.AA.AA.AA	AA.AA.AA.BW	AA.AA.AA.BX	6	2354
zA.AA.AA.AA.AA	AA.AA.AA.BX	AA.AA.AA.Bj	6	2355
zA.AA.AA.AA.AA	AA.AA.AA.Bj	AA.AA.AA.Av	2	6236
zA.AA.AA.AA.AA	AA.AA.AA.Av	AA.AA.AA.Bf	2	6237
zA.AA.AA.AA.AA	AA.AA.AA.Bf	AA.AA.AA.Be	4	2297
zA.AA.AA.AA.AA	AA.AA.AA.Be	AA.AA.AA.BY	2	6239
zA.AA.AA.AA.AA	AA.AA.AA.Bd	AA.AA.AA.Bj	14	1438
zA.AA.AA.AA.AA	AA.AA.AA.BT	AA.AA.AA.Be	4	2219
zA.AA.AA.AA.AA	AA.AA.AA.Be	AA.AA.AA.Bk	8	1586
zA.AA.AA.AA.AA	AA.AA.AA.Bk	AA.AA.AA.BR	3	1949
zA.AA.AA.AA.AA	AA.AA.AA.BR	AA.AA.AA.Bb	3	1879
zA.AA.AA.AA.AA	AA.AA.AA.BQ	AA.AA.AA.Bd	8	1316
zA.AA.AA.AA.AA	AA.AA.AA.BW	AA.AA.AA.Bb	2	6256
zA.AA.AA.AA.AA	AA.AA.AA.Bk	AA.AA.AA.Be	3	2165
zA.AA.AA.AA.AA	AA.AA.AA.Be	AA.AA.AA.Bj	5	2166
zA.AA.AA.AA.AA	AA.AA.AA.BR	AA.AA.AA.BS	2	6750
zA.AA.AA.AA.AA	AA.AA.AA.Bh	AA.AA.AA.AK	12	1777
zA.AA.AA.AA.AA	AA.AA.AA.BR	AA.AA.AA.BT	2	6792
zA.AA.AA.AA.AA	AA.AA.AA.Bd	AA.AA.AA.BU	12	1470
zA.AA.AA.AA.AA	AA.AA.AA.Ah	AA.AA.AA.BX	5	1230
zA.AA.AA.AA.AA	AA.AA.AA.Bb	AA.AA.AA.BV	1	6826
zA.AA.AA.AA.AA	AA.AA.AA.BV	AA.AA.AA.AK	3	3167
zA.AA.AA.AA.AA	AA.AA.AA.BR	AA.AA.AA.BU	4	1389
zA.AA.AA.AA.AA	AA.AA.AA.AJ	AA.AA.AA.Bl	6	789
zA.AA.AA.AA.AA	AA.AA.AA.Bl	AA.AA.AA.Bk	3	6762
zA.AA.AA.AA.AA	AA.AA.AA.Bb	AA.AA.AA.BW	3	6764
zA.AA.AA.AA.AA	AA.AA.AA.BW	AA.AA.AA.BQ	4	1795
zA.AA.AA.AA.AA	AA.AA.AA.Ah	AA.AA.AA.BV	12	77
zA.AA.AA.AA.AA	AA.AA.AA.BV	AA.AA.AA.Bh	3	6769
zA.AA.AA.AA.AA	AA.AA.AA.BS	AA.AA.AA.Bj	4	6114
zA.AA.AA.AA.AA	AA.AA.AA.BX	AA.AA.AA.Bh	5	1740
zA.AA.AA.AA.AA	AA.AA.AA.Bk	AA.AA.AA.BQ	5	2849
zA.AA.AA.AA.AA	AA.AA.AA.Bh	AA.AA.AA.Bi	6	2276
zA.AA.AA.AA.AA	AA.AA.AA.CV	AA.AA.AA.BR	16	6376
zA.AA.AA.AA.AA	AA.AA.AA.Ay	AA.AA.AA.BR	18	1480
zA.AA.AA.AA.AA	AA.AA.AA.BR	AA.AA.AA.BV	2	6876
zA.AA.AA.AA.AA	AA.AA.AA.AJ	AA.AA.AA.BY	2	5946
zA.AA.AA.AA.AA	AA.AA.AA.Bd	AA.AA.AA.Bl	2	5948
zA.AA.AA.AA.AA	AA.AA.AA.Bh	AA.AA.AA.Bj	8	1225
zA.AA.AA.AA.AA	AA.AA.AA.BT	AA.AA.AA.Ah	9	1283
zA.AA.AA.AA.AA	AA.AA.AA.Ah	AA.AA.AA.Bg	7	3573
zA.AA.AA.AA.AA	AA.AA.AA.Bg	AA.AA.AA.Bk	11	1343
zA.AA.AA.AA.AA	AA.AA.AA.Bk	AA.AA.AA.BU	2	2906
zA.AA.AA.AA.AA	AA.AA.AA.Ah	AA.AA.AA.Bc	10	1926
zA.AA.AA.AA.AA	AA.AA.AA.Bh	AA.AA.AA.Ba	7	2147
zA.AA.AA.AA.AA	AA.AA.AA.Ba	AA.AA.AA.AK	11	1883
zA.AA.AA.AA.AA	AA.AA.AA.BS	AA.AA.AA.Ay	2	6913
zA.AA.AA.AA.AA	AA.AA.AA.BS	AA.AA.AA.Az	2	6961
zA.AA.AA.AA.AA	AA.AA.AA.BS	AA.AA.AA.BA	2	7009
zA.AA.AA.AA.AA	AA.AA.AA.BS	AA.AA.AA.BB	2	7062
zA.AA.AA.AA.AA	AA.AA.AA.BS	AA.AA.AA.BC	2	7110
zA.AA.AA.AA.AA	AA.AA.AA.BS	AA.AA.AA.BD	2	7162
zA.AA.AA.AA.AA	AA.AA.AA.BS	AA.AA.AA.BE	2	7215
zA.AA.AA.AA.AA	AA.AA.AA.BS	AA.AA.AA.BF	2	7253
zA.AA.AA.AA.AA	AA.AA.AA.BS	AA.AA.AA.BG	2	7303
zA.AA.AA.AA.AA	AA.AA.AA.BS	AA.AA.AA.BH	2	7351
zA.AA.AA.AA.AA	AA.AA.AA.BS	AA.AA.AA.BR	2	7452
zA.AA.AA.AA.AA	AA.AA.AA.BS	AA.AA.AA.BS	5	4034
zA.AA.AA.AA.AA	AA.AA.AA.BS	AA.AA.AA.BT	2	7552
zA.AA.AA.AA.AA	AA.AA.AA.CV	AA.AA.AA.BS	16	6912
zA.AA.AA.AA.AA	AA.AA.AA.Ay	AA.AA.AA.BS	18	1514
zA.AA.AA.AA.AA	AA.AA.AA.BS	AA.AA.AA.BV	2	7653
zA.AA.AA.AA.AA	AA.AA.AA.BT	AA.AA.AA.Ay	2	7705
zA.AA.AA.AA.AA	AA.AA.AA.BT	AA.AA.AA.Az	2	7756
zA.AA.AA.AA.AA	AA.AA.AA.BT	AA.AA.AA.BA	2	7804
zA.AA.AA.AA.AA	AA.AA.AA.BT	AA.AA.AA.BB	2	7852
zA.AA.AA.AA.AA	AA.AA.AA.BT	AA.AA.AA.BC	2	7900
zA.AA.AA.AA.AA	AA.AA.AA.BT	AA.AA.AA.BD	2	7953
zA.AA.AA.AA.AA	AA.AA.AA.BT	AA.AA.AA.BE	2	8001
zA.AA.AA.AA.AA	AA.AA.AA.BT	AA.AA.AA.BF	2	8053
zA.AA.AA.AA.AA	AA.AA.AA.AJ	AA.AA.AA.Bc	5	6367
zA.AA.AA.AA.AA	AA.AA.AA.Bc	AA.AA.AA.Bk	1	8065
zA.AA.AA.AA.AA	AA.AA.AA.Bk	AA.AA.AA.Bb	9	1204
zA.AA.AA.AA.AA	AA.AA.AA.Bb	AA.AA.AA.Bj	1	8067
zA.AA.AA.AA.AA	AA.AA.AA.BY	AA.AA.AA.Bf	4	6453
zA.AA.AA.AA.AA	AA.AA.AA.Bf	AA.AA.AA.Bb	3	2407
zA.AA.AA.AA.AA	AA.AA.AA.Bb	AA.AA.AA.BY	8	1468
zA.AA.AA.AA.AA	AA.AA.AA.BY	AA.AA.AA.BS	11	1496
zA.AA.AA.AA.AA	AA.AA.AA.BT	AA.AA.AA.BG	2	8087
zA.AA.AA.AA.AA	AA.AA.AA.BT	AA.AA.AA.BH	2	8136
zA.AA.AA.AA.AA	AA.AA.AA.BT	AA.AA.AA.BQ	3	1627
zA.AA.AA.AA.AA	AA.AA.AA.BT	AA.AA.AA.BR	2	8232
zA.AA.AA.AA.AA	AA.AA.AA.BT	AA.AA.AA.BS	2	8285
zA.AA.AA.AA.AA	AA.AA.AA.BT	AA.AA.AA.BT	3	6588
zA.AA.AA.AA.AA	AA.AA.AA.BS	AA.AA.AA.BQ	67	1497
zA.AA.AA.AA.AA	AA.AA.AA.BQ	AA.AA.AA.Bf	60	1087
zA.AA.AA.AA.AA	AA.AA.AA.Bf	AA.AA.AA.BY	58	1089
zA.AA.AA.AA.AA	AA.AA.AA.Bj	AA.AA.AA.BQ	65	1223
zA.AA.AA.AA.AA	AA.AA.AA.CV	AA.AA.AA.BT	16	7704
zA.AA.AA.AA.AA	AA.AA.AA.Ay	AA.AA.AA.BT	18	1538
zA.AA.AA.AA.AA	AA.AA.AA.BT	AA.AA.AA.BV	2	8438
zA.AA.AA.AA.AA	AA.AA.AA.Bi	AA.AA.AA.BX	3	1580
zA.AA.AA.AA.AA	AA.AA.AA.BX	AA.AA.AA.BQ	4	2824
zA.AA.AA.AA.AA	AA.AA.AA.BQ	AA.AA.AA.Bh	26	1224
zA.AA.AA.AA.AA	AA.AA.AA.Bh	AA.AA.AA.Bf	1	8472
zA.AA.AA.AA.AA	AA.AA.AA.Bf	AA.AA.AA.Ah	2	2027
zA.AA.AA.AA.AA	AA.AA.AA.Bi	AA.AA.AA.Ah	5	1838
zA.AA.AA.AA.AA	AA.AA.AA.Aq	AA.AA.AA.BW	1	8477
zA.AA.AA.AA.AA	AA.AA.AA.BW	AA.AA.AA.CB	2	394
zA.AA.AA.AA.AA	AA.AA.AA.CB	AA.AA.AA.CP	19	83
zA.AA.AA.AA.AA	AA.AA.AA.CP	AA.AA.AA.CJ	7	84
zA.AA.AA.AA.AA	AA.AA.AA.CJ	AA.AA.AA.Bx	8	253
zA.AA.AA.AA.AA	AA.AA.AA.CK	AA.AA.AA.Ar	1	8483
zA.AA.AA.AA.AA	AA.AA.AA.BU	AA.AA.AA.Ay	2	8488
zA.AA.AA.AA.AA	AA.AA.AA.BU	AA.AA.AA.Az	2	8534
zA.AA.AA.AA.AA	AA.AA.AA.BU	AA.AA.AA.BA	2	8580
zA.AA.AA.AA.AA	AA.AA.AA.BU	AA.AA.AA.BB	2	8631
zA.AA.AA.AA.AA	AA.AA.AA.BU	AA.AA.AA.BC	2	8677
zA.AA.AA.AA.AA	AA.AA.AA.BU	AA.AA.AA.BD	2	8727
zA.AA.AA.AA.AA	AA.AA.AA.BQ	AA.AA.AA.Ah	13	1630
zA.AA.AA.AA.AA	AA.AA.AA.Ah	AA.AA.AA.Bh	5	1558
zA.AA.AA.AA.AA	AA.AA.AA.Bh	AA.AA.AA.BY	13	1434
zA.AA.AA.AA.AA	AA.AA.AA.Bd	AA.AA.AA.BW	8	1091
zA.AA.AA.AA.AA	AA.AA.AA.BW	AA.AA.AA.Ah	4	6245
zA.AA.AA.AA.AA	AA.AA.AA.BQ	AA.AA.AA.BR	6	1444
zA.AA.AA.AA.AA	AA.AA.AA.BR	AA.AA.AA.Be	2	7208
zA.AA.AA.AA.AA	AA.AA.AA.Be	AA.AA.AA.Bl	2	7209
zA.AA.AA.AA.AA	AA.AA.AA.BU	AA.AA.AA.BE	2	8778
zA.AA.AA.AA.AA	AA.AA.AA.BU	AA.AA.AA.BF	2	8814
zA.AA.AA.AA.AA	AA.AA.AA.BS	AA.AA.AA.Ah	6	169
zA.AA.AA.AA.AA	AA.AA.AA.BS	AA.AA.AA.BU	18	1415
zA.AA.AA.AA.AA	AA.AA.AA.BQ	AA.AA.AA.AK	7	269
zA.AA.AA.AA.AA	AA.AA.AA.BU	AA.AA.AA.BG	2	8862
zA.AA.AA.AA.AA	AA.AA.AA.BU	AA.AA.AA.BH	2	8908
zA.AA.AA.AA.AA	AA.AA.AA.BU	AA.AA.AA.BQ	5	1232
zA.AA.AA.AA.AA	AA.AA.AA.BU	AA.AA.AA.BR	2	9005
zA.AA.AA.AA.AA	AA.AA.AA.BU	AA.AA.AA.Ah	32	1471
zA.AA.AA.AA.AA	AA.AA.AA.BU	AA.AA.AA.BS	8	168
zA.AA.AA.AA.AA	AA.AA.AA.BU	AA.AA.AA.BT	13	1370
zA.AA.AA.AA.AA	AA.AA.AA.BU	AA.AA.AA.BU	9	1474
zA.AA.AA.AA.AA	AA.AA.AA.CV	AA.AA.AA.BU	16	8487
zA.AA.AA.AA.AA	AA.AA.AA.Ay	AA.AA.AA.BU	18	1568
zA.AA.AA.AA.AA	AA.AA.AA.BU	AA.AA.AA.BV	6	2322
zA.AA.AA.AA.AA	AA.AA.AA.Ah	AA.AA.AA.BY	19	70
zA.AA.AA.AA.AA	AA.AA.AA.BY	AA.AA.AA.Ah	8	7537
zA.AA.AA.AA.AA	AA.AA.AA.BV	AA.AA.AA.Ay	2	9248
zA.AA.AA.AA.AA	AA.AA.AA.Ay	AA.AA.AA.AJ	32	1192
zA.AA.AA.AA.AA	AA.AA.AA.Ah	AA.AA.AA.BU	15	1636
zA.AA.AA.AA.AA	AA.AA.AA.BV	AA.AA.AA.Az	2	9297
zA.AA.AA.AA.AA	AA.AA.AA.Az	AA.AA.AA.AJ	32	1211
zA.AA.AA.AA.AA	AA.AA.AA.Ah	AA.AA.AA.Bd	5	2754
zA.AA.AA.AA.AA	AA.AA.AA.BV	AA.AA.AA.BA	2	9343
zA.AA.AA.AA.AA	AA.AA.AA.BA	AA.AA.AA.AJ	32	1242
zA.AA.AA.AA.AA	AA.AA.AA.BV	AA.AA.AA.BB	2	9389
zA.AA.AA.AA.AA	AA.AA.AA.BB	AA.AA.AA.AJ	32	1270
zA.AA.AA.AA.AA	AA.AA.AA.BV	AA.AA.AA.BC	2	9435
zA.AA.AA.AA.AA	AA.AA.AA.BC	AA.AA.AA.AJ	32	1296
zA.AA.AA.AA.AA	AA.AA.AA.BV	AA.AA.AA.BD	2	9486
zA.AA.AA.AA.AA	AA.AA.AA.BD	AA.AA.AA.AJ	32	1330
zA.AA.AA.AA.AA	AA.AA.AA.BY	AA.AA.AA.Bb	12	1995
zA.AA.AA.AA.AA	AA.AA.AA.Bb	AA.AA.AA.BT	7	5111
zA.AA.AA.AA.AA	AA.AA.AA.BT	AA.AA.AA.BU	15	1658
zA.AA.AA.AA.AA	AA.AA.AA.BV	AA.AA.AA.BE	2	9532
zA.AA.AA.AA.AA	AA.AA.AA.BE	AA.AA.AA.AJ	32	1352
zA.AA.AA.AA.AA	AA.AA.AA.BV	AA.AA.AA.BF	2	9582
zA.AA.AA.AA.AA	AA.AA.AA.BF	AA.AA.AA.AJ	32	1378
zA.AA.AA.AA.AA	AA.AA.AA.AJ	AA.AA.AA.BT	21	272
zA.AA.AA.AA.AA	AA.AA.AA.BY	AA.AA.AA.Bl	3	1798
zA.AA.AA.AA.AA	AA.AA.AA.Bl	AA.AA.AA.BY	5	1660
zA.AA.AA.AA.AA	AA.AA.AA.BY	AA.AA.AA.Be	17	1323
zA.AA.AA.AA.AA	AA.AA.AA.Be	AA.AA.AA.Bd	31	1324
zA.AA.AA.AA.AA	AA.AA.AA.BY	AA.AA.AA.BW	37	2201
zA.AA.AA.AA.AA	AA.AA.AA.BW	AA.AA.AA.Bd	21	2202
zA.AA.AA.AA.AA	AA.AA.AA.Bd	AA.AA.AA.AK	33	1325
zA.AA.AA.AA.AA	AA.AA.AA.BV	AA.AA.AA.BG	2	9610
zA.AA.AA.AA.AA	AA.AA.AA.BG	AA.AA.AA.AJ	32	1397
zA.AA.AA.AA.AA	AA.AA.AA.Ah	AA.AA.AA.Be	28	1227
zA.AA.AA.AA.AA	AA.AA.AA.Be	AA.AA.AA.Ah	13	6538
zA.AA.AA.AA.AA	AA.AA.AA.Bi	AA.AA.AA.Bj	11	1222
zA.AA.AA.AA.AA	AA.AA.AA.Bj	AA.AA.AA.Bh	9	1314
zA.AA.AA.AA.AA	AA.AA.AA.Bh	AA.AA.AA.Be	14	1669
zA.AA.AA.AA.AA	AA.AA.AA.Be	AA.AA.AA.Ba	3	6089
zA.AA.AA.AA.AA	AA.AA.AA.Ba	AA.AA.AA.BU	7	3939
zA.AA.AA.AA.AA	AA.AA.AA.BV	AA.AA.AA.BH	2	9657
zA.AA.AA.AA.AA	AA.AA.AA.BH	AA.AA.AA.AJ	32	1421
zA.AA.AA.AA.AA	AA.AA.AA.Ah	AA.AA.AA.BW	13	40
zA.AA.AA.AA.AA	AA.AA.AA.BW	AA.AA.AA.Bh	14	2023
zA.AA.AA.AA.AA	AA.AA.AA.Bh	AA.AA.AA.BQ	24	1315
zA.AA.AA.AA.AA	AA.AA.AA.BQ	AA.AA.AA.Bl	11	4079
zA.AA.AA.AA.AA	AA.AA.AA.Bl	AA.AA.AA.BU	21	1492
zA.AA.AA.AA.AA	AA.AA.AA.BV	AA.AA.AA.BQ	2	9703
zA.AA.AA.AA.AA	AA.AA.AA.BQ	AA.AA.AA.AJ	32	1457
zA.AA.AA.AA.AA	AA.AA.AA.BV	AA.AA.AA.BR	2	9749
zA.AA.AA.AA.AA	AA.AA.AA.BR	AA.AA.AA.AJ	32	1481
zA.AA.AA.AA.AA	AA.AA.AA.Ah	AA.AA.AA.BS	82	453
zA.AA.AA.AA.AA	AA.AA.AA.BS	AA.AA.AA.BY	12	2939
zA.AA.AA.AA.AA	AA.AA.AA.BY	AA.AA.AA.Bh	12	1345
zA.AA.AA.AA.AA	AA.AA.AA.Bh	AA.AA.AA.BS	13	2247
zA.AA.AA.AA.AA	AA.AA.AA.Bk	AA.AA.AA.Bc	13	1931
zA.AA.AA.AA.AA	AA.AA.AA.Bc	AA.AA.AA.BV	11	4027
zA.AA.AA.AA.AA	AA.AA.AA.BV	AA.AA.AA.Bb	11	4028
zA.AA.AA.AA.AA	AA.AA.AA.BU	AA.AA.AA.Bn	15	1263
zA.AA.AA.AA.AA	AA.AA.AA.Bn	AA.AA.AA.AK	13	2681
zA.AA.AA.AA.AA	AA.AA.AA.BV	AA.AA.AA.BS	2	9800
zA.AA.AA.AA.AA	AA.AA.AA.BS	AA.AA.AA.AJ	32	1515
zA.AA.AA.AA.AA	AA.AA.AA.Ah	AA.AA.AA.Bk	16	59
zA.AA.AA.AA.AA	AA.AA.AA.Bk	AA.AA.AA.Ah	8	8169
zA.AA.AA.AA.AA	AA.AA.AA.BV	AA.AA.AA.BT	2	9850
zA.AA.AA.AA.AA	AA.AA.AA.BT	AA.AA.AA.AJ	32	1539
zA.AA.AA.AA.AA	AA.AA.AA.Ah	AA.AA.AA.BQ	38	268
zA.AA.AA.AA.AA	AA.AA.AA.BQ	AA.AA.AA.BS	32	1363
zA.AA.AA.AA.AA	AA.AA.AA.BS	AA.AA.AA.Bk	28	4025
zA.AA.AA.AA.AA	AA.AA.AA.Bk	AA.AA.AA.Bj	15	1587
zA.AA.AA.AA.AA	AA.AA.AA.BU	AA.AA.AA.AK	58	1373
zA.AA.AA.AA.AA	AA.AA.AA.BV	AA.AA.AA.BU	5	1473
zA.AA.AA.AA.AA	AA.AA.AA.BU	AA.AA.AA.AJ	32	1569
zA.AA.AA.AA.AA	AA.AA.AA.Ah	AA.AA.AA.Bj	24	545
zA.AA.AA.AA.AA	AA.AA.AA.BX	AA.AA.AA.Be	3	1432
zA.AA.AA.AA.AA	AA.AA.AA.Be	AA.AA.AA.Bh	13	1433
zA.AA.AA.AA.AA	AA.AA.AA.Bh	AA.AA.AA.Bd	3	1563
zA.AA.AA.AA.AA	AA.AA.AA.Ah	AA.AA.AA.Aq	9	303
zA.AA.AA.AA.AA	AA.AA.AA.Aq	AA.AA.AA.BY	4	7742
zA.AA.AA.AA.AA	AA.AA.AA.BY	AA.AA.AA.Bz	4	7743
zA.AA.AA.AA.AA	AA.AA.AA.Bz	AA.AA.AA.CB	6	328
zA.AA.AA.AA.AA	AA.AA.AA.CB	AA.AA.AA.CI	4	7745
zA.AA.AA.AA.AA	AA.AA.AA.CI	AA.AA.AA.Bx	4	7746
zA.AA.AA.AA.AA	AA.AA.AA.Bx	AA.AA.AA.CK	7	943
zA.AA.AA.AA.AA	AA.AA.AA.CK	AA.AA.AA.CA	6	944
zA.AA.AA.AA.AA	AA.AA.AA.CA	AA.AA.AA.CF	5	848
zA.AA.AA.AA.AA	AA.AA.AA.CF	AA.AA.AA.Bz	17	62
zA.AA.AA.AA.AA	AA.AA.AA.Bz	AA.AA.AA.Ar	4	7751
zA.AA.AA.AA.AA	AA.AA.AA.Ar	AA.AA.AA.AK	9	337
zA.AA.AA.AA.AA	AA.AA.AA.AK	AA.AA.AA.Ay	256	1188
zA.AA.AA.AA.AA	AA.AA.AA.CV	AA.AA.AA.BV	16	9247
zA.AA.AA.AA.AA	AA.AA.AA.AJ	AA.AA.AA.Ay	256	1193
zA.AA.AA.AA.AA	AA.AA.AA.Ay	AA.AA.AA.CV	514	626
zA.AA.AA.AA.AA	AA.AA.AA.CV	AA.AA.AA.Ay	272	1190
zA.AA.AA.AA.AA	AA.AA.AA.Ay	AA.AA.AA.Ay	275	38
zA.AA.AA.AA.AA	AA.AA.AA.Ay	AA.AA.AA.BV	18	1592
zA.AA.AA.AA.AA	AA.AA.AA.BV	AA.AA.AA.BV	2	9947
zA.AA.AA.AA.AA	AA.AA.AA.BV	AA.AA.AA.AJ	32	1593
zA.AA.AA.AA.AA	AA.AA.AA.AJ	AA.AA.AA.Ak	256	1200
zA.AA.AA.AA.AA	AA.AA.AA.Ak	AA.AA.AA.AJ	273	143
zA.AA.AA.AA.AA	AA.AA.AA.AJ	AA.AA.AA.Bb	121	1467
zA.AA.AA.AA.AA	AA.AA.AA.Bb	AA.AA.AA.BQ	122	1447
zA.AA.AA.AA.AA	AA.AA.AA.BQ	AA.AA.AA.Bj	132	1448
zA.AA.AA.AA.AA	AA.AA.AA.Bj	AA.AA.AA.BY	142	1449
zA.AA.AA.AA.AA	AA.AA.AA.BY	AA.AA.AA.Bd	139	1090
zA.AA.AA.AA.AA	AA.AA.AA.Bd	AA.AA.AA.Ah	136	1877
zA.AA.AA.AA.AA	AA.AA.AA.Ah	AA.AA.AA.Bi	96	1998
zA.AA.AA.AA.AA	AA.AA.AA.Bi	AA.AA.AA.Bc	60	1318
zA.AA.AA.AA.AA	AA.AA.AA.Bc	AA.AA.AA.BQ	71	1086
zA.AA.AA.AA.AA	AA.AA.AA.BQ	AA.AA.AA.Bb	122	1440
zA.AA.AA.AA.AA	AA.AA.AA.Bb	AA.AA.AA.Bb	65	1205
zA.AA.AA.AA.AA	AA.AA.AA.Bb	AA.AA.AA.Ah	125	1441
zA.AA.AA.AA.AA	AA.AA.AA.Ah	AA.AA.AA.Bb	119	1631
zA.AA.AA.AA.AA	AA.AA.AA.Bb	AA.AA.AA.BU	140	1369
zA.AA.AA.AA.AA	AA.AA.AA.BU	AA.AA.AA.Bj	122	1560
zA.AA.AA.AA.AA	AA.AA.AA.Bj	AA.AA.AA.Bj	114	2977
zA.AA.AA.AA.AA	AA.AA.AA.Bj	AA.AA.AA.BU	138	1262
zA.AA.AA.AA.AA	AA.AA.AA.Bh	AA.AA.AA.Ah	119	2198
zA.AA.AA.AA.AA	AA.AA.AA.Ah	AA.AA.AA.Bp	5	3869
zA.AA.AA.AA.AA	AA.AA.AA.Bp	AA.AA.AA.Ah	6	5023
zA.AA.AA.AA.AA	AA.AA.AA.Ah	AA.AA.AA.Bm	58	362
zA.AA.AA.AA.AA	AA.AA.AA.Bm	AA.AA.AA.BY	55	6948
zA.AA.AA.AA.AA	AA.AA.AA.BY	AA.AA.AA.Bj	123	1953
zA.AA.AA.AA.AA	AA.AA.AA.Bj	AA.AA.AA.BX	67	1739
zA.AA.AA.AA.AA	AA.AA.AA.BX	AA.AA.AA.Ah	57	6951
zA.AA.AA.AA.AA	AA.AA.AA.Ah	AA.AA.AA.BT	18	14
zA.AA.AA.AA.AA	AA.AA.AA.BT	AA.AA.AA.BY	32	1234
zA.AA.AA.AA.AA	AA.AA.AA.BY	AA.AA.AA.BQ	14	1554
zA.AA.AA.AA.AA	AA.AA.AA.BQ	AA.AA.AA.BU	16	6141
zA.AA.AA.AA.AA	AA.AA.AA.BU	AA.AA.AA.Bh	144	1493
zA.AA.AA.AA.AA	AA.AA.AA.Bh	AA.AA.AA.BU	29	1559
zA.AA.AA.AA.AA	AA.AA.AA.BU	AA.AA.AA.Bi	19	1637
zA.AA.AA.AA.AA	AA.AA.AA.Bi	AA.AA.AA.BY	39	1322
zA.AA.AA.AA.AA	AA.AA.AA.BY	AA.AA.AA.Bi	23	163
zA.AA.AA.AA.AA	AA.AA.AA.Bi	AA.AA.AA.AK	20	2336
\.


--
-- Data for Name: scopes; Type: TABLE DATA; Schema: public; Owner: -
--

COPY public.scopes (scope_id, name, scope_type, parent_id, metadata) FROM stdin;
AA.AA.AA	Encoding Tables	category	\N	{}
AA.AA.AA.AA	ASCII (US-ASCII, 7-bit)	encoding_table	AA.AA.AA	{"bits": 7, "size": 128, "standard": "ANSI X3.4-1986"}
zA.AA.AA.AA.AA	ASCII Table Source PBM	source_pbm	\N	{"source_file": "/home/patrick/gits/human-cognome-project/sources/data/encodings/8859-1.TXT"}
\.


--
-- Data for Name: tokens; Type: TABLE DATA; Schema: public; Owner: -
--

COPY public.tokens (token_id, name, category, subcategory, metadata) FROM stdin;
AA.AA.AA.AA	NULL	control	inert	{"hex": "0x00", "display": "<NULL>", "bond_class": "inert"}
AA.AA.AA.AB	START OF HEADING	control	inert	{"hex": "0x01", "display": "<START OF HEADING>", "bond_class": "inert"}
AA.AA.AA.AC	START OF TEXT	control	inert	{"hex": "0x02", "display": "<START OF TEXT>", "bond_class": "inert"}
AA.AA.AA.AD	END OF TEXT	control	inert	{"hex": "0x03", "display": "<END OF TEXT>", "bond_class": "inert"}
AA.AA.AA.AE	END OF TRANSMISSION	control	inert	{"hex": "0x04", "display": "<END OF TRANSMISSION>", "bond_class": "inert"}
AA.AA.AA.AF	ENQUIRY	control	inert	{"hex": "0x05", "display": "<ENQUIRY>", "bond_class": "inert"}
AA.AA.AA.AG	ACKNOWLEDGE	control	inert	{"hex": "0x06", "display": "<ACKNOWLEDGE>", "bond_class": "inert"}
AA.AA.AA.AH	BELL	control	inert	{"hex": "0x07", "display": "<BELL>", "bond_class": "inert"}
AA.AA.AA.AI	BACKSPACE	control	inert	{"hex": "0x08", "display": "<BACKSPACE>", "bond_class": "inert"}
AA.AA.AA.AJ	CHARACTER TABULATION	whitespace	separator	{"hex": "0x09", "display": "'\\\\t'", "bond_class": "separator"}
AA.AA.AA.AK	LINE FEED	whitespace	separator	{"hex": "0x0A", "display": "'\\\\n'", "bond_class": "separator"}
AA.AA.AA.AL	LINE TABULATION	control	inert	{"hex": "0x0B", "display": "<LINE TABULATION>", "bond_class": "inert"}
AA.AA.AA.AM	FORM FEED	control	inert	{"hex": "0x0C", "display": "<FORM FEED>", "bond_class": "inert"}
AA.AA.AA.AN	CARRIAGE RETURN	whitespace	separator	{"hex": "0x0D", "display": "'\\\\r'", "bond_class": "separator"}
AA.AA.AA.AP	SHIFT OUT	control	inert	{"hex": "0x0E", "display": "<SHIFT OUT>", "bond_class": "inert"}
AA.AA.AA.AQ	SHIFT IN	control	inert	{"hex": "0x0F", "display": "<SHIFT IN>", "bond_class": "inert"}
AA.AA.AA.AR	DATA LINK ESCAPE	control	inert	{"hex": "0x10", "display": "<DATA LINK ESCAPE>", "bond_class": "inert"}
AA.AA.AA.AS	DEVICE CONTROL ONE	control	inert	{"hex": "0x11", "display": "<DEVICE CONTROL ONE>", "bond_class": "inert"}
AA.AA.AA.AT	DEVICE CONTROL TWO	control	inert	{"hex": "0x12", "display": "<DEVICE CONTROL TWO>", "bond_class": "inert"}
AA.AA.AA.AU	DEVICE CONTROL THREE	control	inert	{"hex": "0x13", "display": "<DEVICE CONTROL THREE>", "bond_class": "inert"}
AA.AA.AA.AV	DEVICE CONTROL FOUR	control	inert	{"hex": "0x14", "display": "<DEVICE CONTROL FOUR>", "bond_class": "inert"}
AA.AA.AA.AW	NEGATIVE ACKNOWLEDGE	control	inert	{"hex": "0x15", "display": "<NEGATIVE ACKNOWLEDGE>", "bond_class": "inert"}
AA.AA.AA.AX	SYNCHRONOUS IDLE	control	inert	{"hex": "0x16", "display": "<SYNCHRONOUS IDLE>", "bond_class": "inert"}
AA.AA.AA.AY	END OF TRANSMISSION BLOCK	control	inert	{"hex": "0x17", "display": "<END OF TRANSMISSION BLOCK>", "bond_class": "inert"}
AA.AA.AA.AZ	CANCEL	control	inert	{"hex": "0x18", "display": "<CANCEL>", "bond_class": "inert"}
AA.AA.AA.Aa	END OF MEDIUM	control	inert	{"hex": "0x19", "display": "<END OF MEDIUM>", "bond_class": "inert"}
AA.AA.AA.Ab	SUBSTITUTE	control	inert	{"hex": "0x1A", "display": "<SUBSTITUTE>", "bond_class": "inert"}
AA.AA.AA.Ac	ESCAPE	control	inert	{"hex": "0x1B", "display": "<ESCAPE>", "bond_class": "inert"}
AA.AA.AA.Ad	INFORMATION SEPARATOR FOUR	control	inert	{"hex": "0x1C", "display": "<INFORMATION SEPARATOR FOUR>", "bond_class": "inert"}
AA.AA.AA.Ae	INFORMATION SEPARATOR THREE	control	inert	{"hex": "0x1D", "display": "<INFORMATION SEPARATOR THREE>", "bond_class": "inert"}
AA.AA.AA.Af	INFORMATION SEPARATOR TWO	control	inert	{"hex": "0x1E", "display": "<INFORMATION SEPARATOR TWO>", "bond_class": "inert"}
AA.AA.AA.Ag	INFORMATION SEPARATOR ONE	control	inert	{"hex": "0x1F", "display": "<INFORMATION SEPARATOR ONE>", "bond_class": "inert"}
AA.AA.AA.Ah	SPACE	whitespace	separator	{"hex": "0x20", "display": "' '", "ascii_char": " ", "bond_class": "separator"}
AA.AA.AA.Ai	EXCLAMATION MARK	punctuation	delimiter	{"hex": "0x21", "display": "!", "ascii_char": "!", "bond_class": "delimiter"}
AA.AA.AA.Aj	QUOTATION MARK	punctuation	delimiter	{"hex": "0x22", "display": "\\"", "ascii_char": "\\"", "bond_class": "delimiter"}
AA.AA.AA.Ak	NUMBER SIGN	punctuation	delimiter	{"hex": "0x23", "display": "#", "ascii_char": "#", "bond_class": "delimiter"}
AA.AA.AA.Al	DOLLAR SIGN	punctuation	delimiter	{"hex": "0x24", "display": "$", "ascii_char": "$", "bond_class": "delimiter"}
AA.AA.AA.Am	PERCENT SIGN	punctuation	delimiter	{"hex": "0x25", "display": "%", "ascii_char": "%", "bond_class": "delimiter"}
AA.AA.AA.An	AMPERSAND	punctuation	delimiter	{"hex": "0x26", "display": "&", "ascii_char": "&", "bond_class": "delimiter"}
AA.AA.AA.Ap	APOSTROPHE	punctuation	delimiter	{"hex": "0x27", "display": "'", "ascii_char": "'", "bond_class": "delimiter"}
AA.AA.AA.Aq	LEFT PARENTHESIS	punctuation	delimiter	{"hex": "0x28", "display": "(", "ascii_char": "(", "bond_class": "delimiter"}
AA.AA.AA.Ar	RIGHT PARENTHESIS	punctuation	delimiter	{"hex": "0x29", "display": ")", "ascii_char": ")", "bond_class": "delimiter"}
AA.AA.AA.As	ASTERISK	punctuation	delimiter	{"hex": "0x2A", "display": "*", "ascii_char": "*", "bond_class": "delimiter"}
AA.AA.AA.At	PLUS SIGN	punctuation	delimiter	{"hex": "0x2B", "display": "+", "ascii_char": "+", "bond_class": "delimiter"}
AA.AA.AA.Au	COMMA	punctuation	delimiter	{"hex": "0x2C", "display": ",", "ascii_char": ",", "bond_class": "delimiter"}
AA.AA.AA.Av	HYPHEN-MINUS	punctuation	delimiter	{"hex": "0x2D", "display": "-", "ascii_char": "-", "bond_class": "delimiter"}
AA.AA.AA.Aw	FULL STOP	punctuation	delimiter	{"hex": "0x2E", "display": ".", "ascii_char": ".", "bond_class": "delimiter"}
AA.AA.AA.Ax	SOLIDUS	punctuation	delimiter	{"hex": "0x2F", "display": "/", "ascii_char": "/", "bond_class": "delimiter"}
AA.AA.AA.Ay	DIGIT 0	digit	numeric	{"hex": "0x30", "display": "0", "ascii_char": "0", "bond_class": "numeric"}
AA.AA.AA.Az	DIGIT 1	digit	numeric	{"hex": "0x31", "display": "1", "ascii_char": "1", "bond_class": "numeric"}
AA.AA.AA.BA	DIGIT 2	digit	numeric	{"hex": "0x32", "display": "2", "ascii_char": "2", "bond_class": "numeric"}
AA.AA.AA.BB	DIGIT 3	digit	numeric	{"hex": "0x33", "display": "3", "ascii_char": "3", "bond_class": "numeric"}
AA.AA.AA.BC	DIGIT 4	digit	numeric	{"hex": "0x34", "display": "4", "ascii_char": "4", "bond_class": "numeric"}
AA.AA.AA.BD	DIGIT 5	digit	numeric	{"hex": "0x35", "display": "5", "ascii_char": "5", "bond_class": "numeric"}
AA.AA.AA.BE	DIGIT 6	digit	numeric	{"hex": "0x36", "display": "6", "ascii_char": "6", "bond_class": "numeric"}
AA.AA.AA.BF	DIGIT 7	digit	numeric	{"hex": "0x37", "display": "7", "ascii_char": "7", "bond_class": "numeric"}
AA.AA.AA.BG	DIGIT 8	digit	numeric	{"hex": "0x38", "display": "8", "ascii_char": "8", "bond_class": "numeric"}
AA.AA.AA.BH	DIGIT 9	digit	numeric	{"hex": "0x39", "display": "9", "ascii_char": "9", "bond_class": "numeric"}
AA.AA.AA.BI	COLON	punctuation	delimiter	{"hex": "0x3A", "display": ":", "ascii_char": ":", "bond_class": "delimiter"}
AA.AA.AA.BJ	SEMICOLON	punctuation	delimiter	{"hex": "0x3B", "display": ";", "ascii_char": ";", "bond_class": "delimiter"}
AA.AA.AA.BK	LESS-THAN SIGN	punctuation	delimiter	{"hex": "0x3C", "display": "<", "ascii_char": "<", "bond_class": "delimiter"}
AA.AA.AA.BL	EQUALS SIGN	punctuation	delimiter	{"hex": "0x3D", "display": "=", "ascii_char": "=", "bond_class": "delimiter"}
AA.AA.AA.BM	GREATER-THAN SIGN	punctuation	delimiter	{"hex": "0x3E", "display": ">", "ascii_char": ">", "bond_class": "delimiter"}
AA.AA.AA.BN	QUESTION MARK	punctuation	delimiter	{"hex": "0x3F", "display": "?", "ascii_char": "?", "bond_class": "delimiter"}
AA.AA.AA.BP	COMMERCIAL AT	punctuation	delimiter	{"hex": "0x40", "display": "@", "ascii_char": "@", "bond_class": "delimiter"}
AA.AA.AA.BQ	LATIN CAPITAL LETTER A	letter_upper	alpha	{"hex": "0x41", "display": "A", "ascii_char": "A", "bond_class": "alpha"}
AA.AA.AA.BR	LATIN CAPITAL LETTER B	letter_upper	alpha	{"hex": "0x42", "display": "B", "ascii_char": "B", "bond_class": "alpha"}
AA.AA.AA.BS	LATIN CAPITAL LETTER C	letter_upper	alpha	{"hex": "0x43", "display": "C", "ascii_char": "C", "bond_class": "alpha"}
AA.AA.AA.BT	LATIN CAPITAL LETTER D	letter_upper	alpha	{"hex": "0x44", "display": "D", "ascii_char": "D", "bond_class": "alpha"}
AA.AA.AA.BU	LATIN CAPITAL LETTER E	letter_upper	alpha	{"hex": "0x45", "display": "E", "ascii_char": "E", "bond_class": "alpha"}
AA.AA.AA.BV	LATIN CAPITAL LETTER F	letter_upper	alpha	{"hex": "0x46", "display": "F", "ascii_char": "F", "bond_class": "alpha"}
AA.AA.AA.BW	LATIN CAPITAL LETTER G	letter_upper	alpha	{"hex": "0x47", "display": "G", "ascii_char": "G", "bond_class": "alpha"}
AA.AA.AA.BX	LATIN CAPITAL LETTER H	letter_upper	alpha	{"hex": "0x48", "display": "H", "ascii_char": "H", "bond_class": "alpha"}
AA.AA.AA.BY	LATIN CAPITAL LETTER I	letter_upper	alpha	{"hex": "0x49", "display": "I", "ascii_char": "I", "bond_class": "alpha"}
AA.AA.AA.BZ	LATIN CAPITAL LETTER J	letter_upper	alpha	{"hex": "0x4A", "display": "J", "ascii_char": "J", "bond_class": "alpha"}
AA.AA.AA.Ba	LATIN CAPITAL LETTER K	letter_upper	alpha	{"hex": "0x4B", "display": "K", "ascii_char": "K", "bond_class": "alpha"}
AA.AA.AA.Bb	LATIN CAPITAL LETTER L	letter_upper	alpha	{"hex": "0x4C", "display": "L", "ascii_char": "L", "bond_class": "alpha"}
AA.AA.AA.Bc	LATIN CAPITAL LETTER M	letter_upper	alpha	{"hex": "0x4D", "display": "M", "ascii_char": "M", "bond_class": "alpha"}
AA.AA.AA.Bd	LATIN CAPITAL LETTER N	letter_upper	alpha	{"hex": "0x4E", "display": "N", "ascii_char": "N", "bond_class": "alpha"}
AA.AA.AA.Be	LATIN CAPITAL LETTER O	letter_upper	alpha	{"hex": "0x4F", "display": "O", "ascii_char": "O", "bond_class": "alpha"}
AA.AA.AA.Bf	LATIN CAPITAL LETTER P	letter_upper	alpha	{"hex": "0x50", "display": "P", "ascii_char": "P", "bond_class": "alpha"}
AA.AA.AA.Bg	LATIN CAPITAL LETTER Q	letter_upper	alpha	{"hex": "0x51", "display": "Q", "ascii_char": "Q", "bond_class": "alpha"}
AA.AA.AA.Bh	LATIN CAPITAL LETTER R	letter_upper	alpha	{"hex": "0x52", "display": "R", "ascii_char": "R", "bond_class": "alpha"}
AA.AA.AA.Bi	LATIN CAPITAL LETTER S	letter_upper	alpha	{"hex": "0x53", "display": "S", "ascii_char": "S", "bond_class": "alpha"}
AA.AA.AA.Bj	LATIN CAPITAL LETTER T	letter_upper	alpha	{"hex": "0x54", "display": "T", "ascii_char": "T", "bond_class": "alpha"}
AA.AA.AA.Bk	LATIN CAPITAL LETTER U	letter_upper	alpha	{"hex": "0x55", "display": "U", "ascii_char": "U", "bond_class": "alpha"}
AA.AA.AA.Bl	LATIN CAPITAL LETTER V	letter_upper	alpha	{"hex": "0x56", "display": "V", "ascii_char": "V", "bond_class": "alpha"}
AA.AA.AA.Bm	LATIN CAPITAL LETTER W	letter_upper	alpha	{"hex": "0x57", "display": "W", "ascii_char": "W", "bond_class": "alpha"}
AA.AA.AA.Bn	LATIN CAPITAL LETTER X	letter_upper	alpha	{"hex": "0x58", "display": "X", "ascii_char": "X", "bond_class": "alpha"}
AA.AA.AA.Bp	LATIN CAPITAL LETTER Y	letter_upper	alpha	{"hex": "0x59", "display": "Y", "ascii_char": "Y", "bond_class": "alpha"}
AA.AA.AA.Bq	LATIN CAPITAL LETTER Z	letter_upper	alpha	{"hex": "0x5A", "display": "Z", "ascii_char": "Z", "bond_class": "alpha"}
AA.AA.AA.Br	LEFT SQUARE BRACKET	punctuation	delimiter	{"hex": "0x5B", "display": "[", "ascii_char": "[", "bond_class": "delimiter"}
AA.AA.AA.Bs	REVERSE SOLIDUS	punctuation	delimiter	{"hex": "0x5C", "display": "\\\\", "ascii_char": "\\\\", "bond_class": "delimiter"}
AA.AA.AA.Bt	RIGHT SQUARE BRACKET	punctuation	delimiter	{"hex": "0x5D", "display": "]", "ascii_char": "]", "bond_class": "delimiter"}
AA.AA.AA.Bu	CIRCUMFLEX ACCENT	punctuation	delimiter	{"hex": "0x5E", "display": "^", "ascii_char": "^", "bond_class": "delimiter"}
AA.AA.AA.Bv	LOW LINE	punctuation	delimiter	{"hex": "0x5F", "display": "_", "ascii_char": "_", "bond_class": "delimiter"}
AA.AA.AA.Bw	GRAVE ACCENT	punctuation	delimiter	{"hex": "0x60", "display": "`", "ascii_char": "`", "bond_class": "delimiter"}
AA.AA.AA.Bx	LATIN SMALL LETTER a	letter_lower	alpha	{"hex": "0x61", "display": "a", "ascii_char": "a", "bond_class": "alpha"}
AA.AA.AA.By	LATIN SMALL LETTER b	letter_lower	alpha	{"hex": "0x62", "display": "b", "ascii_char": "b", "bond_class": "alpha"}
AA.AA.AA.Bz	LATIN SMALL LETTER c	letter_lower	alpha	{"hex": "0x63", "display": "c", "ascii_char": "c", "bond_class": "alpha"}
AA.AA.AA.CA	LATIN SMALL LETTER d	letter_lower	alpha	{"hex": "0x64", "display": "d", "ascii_char": "d", "bond_class": "alpha"}
AA.AA.AA.CB	LATIN SMALL LETTER e	letter_lower	alpha	{"hex": "0x65", "display": "e", "ascii_char": "e", "bond_class": "alpha"}
AA.AA.AA.CC	LATIN SMALL LETTER f	letter_lower	alpha	{"hex": "0x66", "display": "f", "ascii_char": "f", "bond_class": "alpha"}
AA.AA.AA.CD	LATIN SMALL LETTER g	letter_lower	alpha	{"hex": "0x67", "display": "g", "ascii_char": "g", "bond_class": "alpha"}
AA.AA.AA.CE	LATIN SMALL LETTER h	letter_lower	alpha	{"hex": "0x68", "display": "h", "ascii_char": "h", "bond_class": "alpha"}
AA.AA.AA.CF	LATIN SMALL LETTER i	letter_lower	alpha	{"hex": "0x69", "display": "i", "ascii_char": "i", "bond_class": "alpha"}
AA.AA.AA.CG	LATIN SMALL LETTER j	letter_lower	alpha	{"hex": "0x6A", "display": "j", "ascii_char": "j", "bond_class": "alpha"}
AA.AA.AA.CH	LATIN SMALL LETTER k	letter_lower	alpha	{"hex": "0x6B", "display": "k", "ascii_char": "k", "bond_class": "alpha"}
AA.AA.AA.CI	LATIN SMALL LETTER l	letter_lower	alpha	{"hex": "0x6C", "display": "l", "ascii_char": "l", "bond_class": "alpha"}
AA.AA.AA.CJ	LATIN SMALL LETTER m	letter_lower	alpha	{"hex": "0x6D", "display": "m", "ascii_char": "m", "bond_class": "alpha"}
AA.AA.AA.CK	LATIN SMALL LETTER n	letter_lower	alpha	{"hex": "0x6E", "display": "n", "ascii_char": "n", "bond_class": "alpha"}
AA.AA.AA.CL	LATIN SMALL LETTER o	letter_lower	alpha	{"hex": "0x6F", "display": "o", "ascii_char": "o", "bond_class": "alpha"}
AA.AA.AA.CM	LATIN SMALL LETTER p	letter_lower	alpha	{"hex": "0x70", "display": "p", "ascii_char": "p", "bond_class": "alpha"}
AA.AA.AA.CN	LATIN SMALL LETTER q	letter_lower	alpha	{"hex": "0x71", "display": "q", "ascii_char": "q", "bond_class": "alpha"}
AA.AA.AA.CP	LATIN SMALL LETTER r	letter_lower	alpha	{"hex": "0x72", "display": "r", "ascii_char": "r", "bond_class": "alpha"}
AA.AA.AA.CQ	LATIN SMALL LETTER s	letter_lower	alpha	{"hex": "0x73", "display": "s", "ascii_char": "s", "bond_class": "alpha"}
AA.AA.AA.CR	LATIN SMALL LETTER t	letter_lower	alpha	{"hex": "0x74", "display": "t", "ascii_char": "t", "bond_class": "alpha"}
AA.AA.AA.CS	LATIN SMALL LETTER u	letter_lower	alpha	{"hex": "0x75", "display": "u", "ascii_char": "u", "bond_class": "alpha"}
AA.AA.AA.CT	LATIN SMALL LETTER v	letter_lower	alpha	{"hex": "0x76", "display": "v", "ascii_char": "v", "bond_class": "alpha"}
AA.AA.AA.CU	LATIN SMALL LETTER w	letter_lower	alpha	{"hex": "0x77", "display": "w", "ascii_char": "w", "bond_class": "alpha"}
AA.AA.AA.CV	LATIN SMALL LETTER x	letter_lower	alpha	{"hex": "0x78", "display": "x", "ascii_char": "x", "bond_class": "alpha"}
AA.AA.AA.CW	LATIN SMALL LETTER y	letter_lower	alpha	{"hex": "0x79", "display": "y", "ascii_char": "y", "bond_class": "alpha"}
AA.AA.AA.CX	LATIN SMALL LETTER z	letter_lower	alpha	{"hex": "0x7A", "display": "z", "ascii_char": "z", "bond_class": "alpha"}
AA.AA.AA.CY	LEFT CURLY BRACKET	punctuation	delimiter	{"hex": "0x7B", "display": "{", "ascii_char": "{", "bond_class": "delimiter"}
AA.AA.AA.CZ	VERTICAL LINE	punctuation	delimiter	{"hex": "0x7C", "display": "|", "ascii_char": "|", "bond_class": "delimiter"}
AA.AA.AA.Ca	RIGHT CURLY BRACKET	punctuation	delimiter	{"hex": "0x7D", "display": "}", "ascii_char": "}", "bond_class": "delimiter"}
AA.AA.AA.Cb	TILDE	punctuation	delimiter	{"hex": "0x7E", "display": "~", "ascii_char": "~", "bond_class": "delimiter"}
AA.AA.AA.Cc	DELETE	control	inert	{"hex": "0x7F", "display": "<DELETE>", "bond_class": "inert"}
AA.AA.AA.Cd	UTF8 CONTINUATION 0	utf8_cont	covalent	{"hex": "0x80", "display": "<CONT 00>", "bond_class": "covalent"}
AA.AA.AA.Ce	UTF8 CONTINUATION 1	utf8_cont	covalent	{"hex": "0x81", "display": "<CONT 01>", "bond_class": "covalent"}
AA.AA.AA.Cf	UTF8 CONTINUATION 2	utf8_cont	covalent	{"hex": "0x82", "display": "<CONT 02>", "bond_class": "covalent"}
AA.AA.AA.Cg	UTF8 CONTINUATION 3	utf8_cont	covalent	{"hex": "0x83", "display": "<CONT 03>", "bond_class": "covalent"}
AA.AA.AA.Ch	UTF8 CONTINUATION 4	utf8_cont	covalent	{"hex": "0x84", "display": "<CONT 04>", "bond_class": "covalent"}
AA.AA.AA.Ci	UTF8 CONTINUATION 5	utf8_cont	covalent	{"hex": "0x85", "display": "<CONT 05>", "bond_class": "covalent"}
AA.AA.AA.Cj	UTF8 CONTINUATION 6	utf8_cont	covalent	{"hex": "0x86", "display": "<CONT 06>", "bond_class": "covalent"}
AA.AA.AA.Ck	UTF8 CONTINUATION 7	utf8_cont	covalent	{"hex": "0x87", "display": "<CONT 07>", "bond_class": "covalent"}
AA.AA.AA.Cl	UTF8 CONTINUATION 8	utf8_cont	covalent	{"hex": "0x88", "display": "<CONT 08>", "bond_class": "covalent"}
AA.AA.AA.Cm	UTF8 CONTINUATION 9	utf8_cont	covalent	{"hex": "0x89", "display": "<CONT 09>", "bond_class": "covalent"}
AA.AA.AA.Cn	UTF8 CONTINUATION 10	utf8_cont	covalent	{"hex": "0x8A", "display": "<CONT 10>", "bond_class": "covalent"}
AA.AA.AA.Cp	UTF8 CONTINUATION 11	utf8_cont	covalent	{"hex": "0x8B", "display": "<CONT 11>", "bond_class": "covalent"}
AA.AA.AA.Cq	UTF8 CONTINUATION 12	utf8_cont	covalent	{"hex": "0x8C", "display": "<CONT 12>", "bond_class": "covalent"}
AA.AA.AA.Cr	UTF8 CONTINUATION 13	utf8_cont	covalent	{"hex": "0x8D", "display": "<CONT 13>", "bond_class": "covalent"}
AA.AA.AA.Cs	UTF8 CONTINUATION 14	utf8_cont	covalent	{"hex": "0x8E", "display": "<CONT 14>", "bond_class": "covalent"}
AA.AA.AA.Ct	UTF8 CONTINUATION 15	utf8_cont	covalent	{"hex": "0x8F", "display": "<CONT 15>", "bond_class": "covalent"}
AA.AA.AA.Cu	UTF8 CONTINUATION 16	utf8_cont	covalent	{"hex": "0x90", "display": "<CONT 16>", "bond_class": "covalent"}
AA.AA.AA.Cv	UTF8 CONTINUATION 17	utf8_cont	covalent	{"hex": "0x91", "display": "<CONT 17>", "bond_class": "covalent"}
AA.AA.AA.Cw	UTF8 CONTINUATION 18	utf8_cont	covalent	{"hex": "0x92", "display": "<CONT 18>", "bond_class": "covalent"}
AA.AA.AA.Cx	UTF8 CONTINUATION 19	utf8_cont	covalent	{"hex": "0x93", "display": "<CONT 19>", "bond_class": "covalent"}
AA.AA.AA.Cy	UTF8 CONTINUATION 20	utf8_cont	covalent	{"hex": "0x94", "display": "<CONT 20>", "bond_class": "covalent"}
AA.AA.AA.Cz	UTF8 CONTINUATION 21	utf8_cont	covalent	{"hex": "0x95", "display": "<CONT 21>", "bond_class": "covalent"}
AA.AA.AA.DA	UTF8 CONTINUATION 22	utf8_cont	covalent	{"hex": "0x96", "display": "<CONT 22>", "bond_class": "covalent"}
AA.AA.AA.DB	UTF8 CONTINUATION 23	utf8_cont	covalent	{"hex": "0x97", "display": "<CONT 23>", "bond_class": "covalent"}
AA.AA.AA.DC	UTF8 CONTINUATION 24	utf8_cont	covalent	{"hex": "0x98", "display": "<CONT 24>", "bond_class": "covalent"}
AA.AA.AA.DD	UTF8 CONTINUATION 25	utf8_cont	covalent	{"hex": "0x99", "display": "<CONT 25>", "bond_class": "covalent"}
AA.AA.AA.DE	UTF8 CONTINUATION 26	utf8_cont	covalent	{"hex": "0x9A", "display": "<CONT 26>", "bond_class": "covalent"}
AA.AA.AA.DF	UTF8 CONTINUATION 27	utf8_cont	covalent	{"hex": "0x9B", "display": "<CONT 27>", "bond_class": "covalent"}
AA.AA.AA.DG	UTF8 CONTINUATION 28	utf8_cont	covalent	{"hex": "0x9C", "display": "<CONT 28>", "bond_class": "covalent"}
AA.AA.AA.DH	UTF8 CONTINUATION 29	utf8_cont	covalent	{"hex": "0x9D", "display": "<CONT 29>", "bond_class": "covalent"}
AA.AA.AA.DI	UTF8 CONTINUATION 30	utf8_cont	covalent	{"hex": "0x9E", "display": "<CONT 30>", "bond_class": "covalent"}
AA.AA.AA.DJ	UTF8 CONTINUATION 31	utf8_cont	covalent	{"hex": "0x9F", "display": "<CONT 31>", "bond_class": "covalent"}
AA.AA.AA.DK	UTF8 CONTINUATION 32	utf8_cont	covalent	{"hex": "0xA0", "display": "<CONT 32>", "bond_class": "covalent"}
AA.AA.AA.DL	UTF8 CONTINUATION 33	utf8_cont	covalent	{"hex": "0xA1", "display": "<CONT 33>", "bond_class": "covalent"}
AA.AA.AA.DM	UTF8 CONTINUATION 34	utf8_cont	covalent	{"hex": "0xA2", "display": "<CONT 34>", "bond_class": "covalent"}
AA.AA.AA.DN	UTF8 CONTINUATION 35	utf8_cont	covalent	{"hex": "0xA3", "display": "<CONT 35>", "bond_class": "covalent"}
AA.AA.AA.DP	UTF8 CONTINUATION 36	utf8_cont	covalent	{"hex": "0xA4", "display": "<CONT 36>", "bond_class": "covalent"}
AA.AA.AA.DQ	UTF8 CONTINUATION 37	utf8_cont	covalent	{"hex": "0xA5", "display": "<CONT 37>", "bond_class": "covalent"}
AA.AA.AA.DR	UTF8 CONTINUATION 38	utf8_cont	covalent	{"hex": "0xA6", "display": "<CONT 38>", "bond_class": "covalent"}
AA.AA.AA.DS	UTF8 CONTINUATION 39	utf8_cont	covalent	{"hex": "0xA7", "display": "<CONT 39>", "bond_class": "covalent"}
AA.AA.AA.DT	UTF8 CONTINUATION 40	utf8_cont	covalent	{"hex": "0xA8", "display": "<CONT 40>", "bond_class": "covalent"}
AA.AA.AA.DU	UTF8 CONTINUATION 41	utf8_cont	covalent	{"hex": "0xA9", "display": "<CONT 41>", "bond_class": "covalent"}
AA.AA.AA.DV	UTF8 CONTINUATION 42	utf8_cont	covalent	{"hex": "0xAA", "display": "<CONT 42>", "bond_class": "covalent"}
AA.AA.AA.DW	UTF8 CONTINUATION 43	utf8_cont	covalent	{"hex": "0xAB", "display": "<CONT 43>", "bond_class": "covalent"}
AA.AA.AA.DX	UTF8 CONTINUATION 44	utf8_cont	covalent	{"hex": "0xAC", "display": "<CONT 44>", "bond_class": "covalent"}
AA.AA.AA.DY	UTF8 CONTINUATION 45	utf8_cont	covalent	{"hex": "0xAD", "display": "<CONT 45>", "bond_class": "covalent"}
AA.AA.AA.DZ	UTF8 CONTINUATION 46	utf8_cont	covalent	{"hex": "0xAE", "display": "<CONT 46>", "bond_class": "covalent"}
AA.AA.AA.Da	UTF8 CONTINUATION 47	utf8_cont	covalent	{"hex": "0xAF", "display": "<CONT 47>", "bond_class": "covalent"}
AA.AA.AA.Db	UTF8 CONTINUATION 48	utf8_cont	covalent	{"hex": "0xB0", "display": "<CONT 48>", "bond_class": "covalent"}
AA.AA.AA.Dc	UTF8 CONTINUATION 49	utf8_cont	covalent	{"hex": "0xB1", "display": "<CONT 49>", "bond_class": "covalent"}
AA.AA.AA.Dd	UTF8 CONTINUATION 50	utf8_cont	covalent	{"hex": "0xB2", "display": "<CONT 50>", "bond_class": "covalent"}
AA.AA.AA.De	UTF8 CONTINUATION 51	utf8_cont	covalent	{"hex": "0xB3", "display": "<CONT 51>", "bond_class": "covalent"}
AA.AA.AA.Df	UTF8 CONTINUATION 52	utf8_cont	covalent	{"hex": "0xB4", "display": "<CONT 52>", "bond_class": "covalent"}
AA.AA.AA.Dg	UTF8 CONTINUATION 53	utf8_cont	covalent	{"hex": "0xB5", "display": "<CONT 53>", "bond_class": "covalent"}
AA.AA.AA.Dh	UTF8 CONTINUATION 54	utf8_cont	covalent	{"hex": "0xB6", "display": "<CONT 54>", "bond_class": "covalent"}
AA.AA.AA.Di	UTF8 CONTINUATION 55	utf8_cont	covalent	{"hex": "0xB7", "display": "<CONT 55>", "bond_class": "covalent"}
AA.AA.AA.Dj	UTF8 CONTINUATION 56	utf8_cont	covalent	{"hex": "0xB8", "display": "<CONT 56>", "bond_class": "covalent"}
AA.AA.AA.Dk	UTF8 CONTINUATION 57	utf8_cont	covalent	{"hex": "0xB9", "display": "<CONT 57>", "bond_class": "covalent"}
AA.AA.AA.Dl	UTF8 CONTINUATION 58	utf8_cont	covalent	{"hex": "0xBA", "display": "<CONT 58>", "bond_class": "covalent"}
AA.AA.AA.Dm	UTF8 CONTINUATION 59	utf8_cont	covalent	{"hex": "0xBB", "display": "<CONT 59>", "bond_class": "covalent"}
AA.AA.AA.Dn	UTF8 CONTINUATION 60	utf8_cont	covalent	{"hex": "0xBC", "display": "<CONT 60>", "bond_class": "covalent"}
AA.AA.AA.Dp	UTF8 CONTINUATION 61	utf8_cont	covalent	{"hex": "0xBD", "display": "<CONT 61>", "bond_class": "covalent"}
AA.AA.AA.Dq	UTF8 CONTINUATION 62	utf8_cont	covalent	{"hex": "0xBE", "display": "<CONT 62>", "bond_class": "covalent"}
AA.AA.AA.Dr	UTF8 CONTINUATION 63	utf8_cont	covalent	{"hex": "0xBF", "display": "<CONT 63>", "bond_class": "covalent"}
AA.AA.AA.Ds	UTF8 2-BYTE LEAD 0	utf8_lead2	covalent	{"hex": "0xC0", "display": "<LEAD2 00>", "bond_class": "covalent"}
AA.AA.AA.Dt	UTF8 2-BYTE LEAD 1	utf8_lead2	covalent	{"hex": "0xC1", "display": "<LEAD2 01>", "bond_class": "covalent"}
AA.AA.AA.Du	UTF8 2-BYTE LEAD 2	utf8_lead2	covalent	{"hex": "0xC2", "display": "<LEAD2 02>", "bond_class": "covalent"}
AA.AA.AA.Dv	UTF8 2-BYTE LEAD 3	utf8_lead2	covalent	{"hex": "0xC3", "display": "<LEAD2 03>", "bond_class": "covalent"}
AA.AA.AA.Dw	UTF8 2-BYTE LEAD 4	utf8_lead2	covalent	{"hex": "0xC4", "display": "<LEAD2 04>", "bond_class": "covalent"}
AA.AA.AA.Dx	UTF8 2-BYTE LEAD 5	utf8_lead2	covalent	{"hex": "0xC5", "display": "<LEAD2 05>", "bond_class": "covalent"}
AA.AA.AA.Dy	UTF8 2-BYTE LEAD 6	utf8_lead2	covalent	{"hex": "0xC6", "display": "<LEAD2 06>", "bond_class": "covalent"}
AA.AA.AA.Dz	UTF8 2-BYTE LEAD 7	utf8_lead2	covalent	{"hex": "0xC7", "display": "<LEAD2 07>", "bond_class": "covalent"}
AA.AA.AA.EA	UTF8 2-BYTE LEAD 8	utf8_lead2	covalent	{"hex": "0xC8", "display": "<LEAD2 08>", "bond_class": "covalent"}
AA.AA.AA.EB	UTF8 2-BYTE LEAD 9	utf8_lead2	covalent	{"hex": "0xC9", "display": "<LEAD2 09>", "bond_class": "covalent"}
AA.AA.AA.EC	UTF8 2-BYTE LEAD 10	utf8_lead2	covalent	{"hex": "0xCA", "display": "<LEAD2 10>", "bond_class": "covalent"}
AA.AA.AA.ED	UTF8 2-BYTE LEAD 11	utf8_lead2	covalent	{"hex": "0xCB", "display": "<LEAD2 11>", "bond_class": "covalent"}
AA.AA.AA.EE	UTF8 2-BYTE LEAD 12	utf8_lead2	covalent	{"hex": "0xCC", "display": "<LEAD2 12>", "bond_class": "covalent"}
AA.AA.AA.EF	UTF8 2-BYTE LEAD 13	utf8_lead2	covalent	{"hex": "0xCD", "display": "<LEAD2 13>", "bond_class": "covalent"}
AA.AA.AA.EG	UTF8 2-BYTE LEAD 14	utf8_lead2	covalent	{"hex": "0xCE", "display": "<LEAD2 14>", "bond_class": "covalent"}
AA.AA.AA.EH	UTF8 2-BYTE LEAD 15	utf8_lead2	covalent	{"hex": "0xCF", "display": "<LEAD2 15>", "bond_class": "covalent"}
AA.AA.AA.EI	UTF8 2-BYTE LEAD 16	utf8_lead2	covalent	{"hex": "0xD0", "display": "<LEAD2 16>", "bond_class": "covalent"}
AA.AA.AA.EJ	UTF8 2-BYTE LEAD 17	utf8_lead2	covalent	{"hex": "0xD1", "display": "<LEAD2 17>", "bond_class": "covalent"}
AA.AA.AA.EK	UTF8 2-BYTE LEAD 18	utf8_lead2	covalent	{"hex": "0xD2", "display": "<LEAD2 18>", "bond_class": "covalent"}
AA.AA.AA.EL	UTF8 2-BYTE LEAD 19	utf8_lead2	covalent	{"hex": "0xD3", "display": "<LEAD2 19>", "bond_class": "covalent"}
AA.AA.AA.EM	UTF8 2-BYTE LEAD 20	utf8_lead2	covalent	{"hex": "0xD4", "display": "<LEAD2 20>", "bond_class": "covalent"}
AA.AA.AA.EN	UTF8 2-BYTE LEAD 21	utf8_lead2	covalent	{"hex": "0xD5", "display": "<LEAD2 21>", "bond_class": "covalent"}
AA.AA.AA.EP	UTF8 2-BYTE LEAD 22	utf8_lead2	covalent	{"hex": "0xD6", "display": "<LEAD2 22>", "bond_class": "covalent"}
AA.AA.AA.EQ	UTF8 2-BYTE LEAD 23	utf8_lead2	covalent	{"hex": "0xD7", "display": "<LEAD2 23>", "bond_class": "covalent"}
AA.AA.AA.ER	UTF8 2-BYTE LEAD 24	utf8_lead2	covalent	{"hex": "0xD8", "display": "<LEAD2 24>", "bond_class": "covalent"}
AA.AA.AA.ES	UTF8 2-BYTE LEAD 25	utf8_lead2	covalent	{"hex": "0xD9", "display": "<LEAD2 25>", "bond_class": "covalent"}
AA.AA.AA.ET	UTF8 2-BYTE LEAD 26	utf8_lead2	covalent	{"hex": "0xDA", "display": "<LEAD2 26>", "bond_class": "covalent"}
AA.AA.AA.EU	UTF8 2-BYTE LEAD 27	utf8_lead2	covalent	{"hex": "0xDB", "display": "<LEAD2 27>", "bond_class": "covalent"}
AA.AA.AA.EV	UTF8 2-BYTE LEAD 28	utf8_lead2	covalent	{"hex": "0xDC", "display": "<LEAD2 28>", "bond_class": "covalent"}
AA.AA.AA.EW	UTF8 2-BYTE LEAD 29	utf8_lead2	covalent	{"hex": "0xDD", "display": "<LEAD2 29>", "bond_class": "covalent"}
AA.AA.AA.EX	UTF8 2-BYTE LEAD 30	utf8_lead2	covalent	{"hex": "0xDE", "display": "<LEAD2 30>", "bond_class": "covalent"}
AA.AA.AA.EY	UTF8 2-BYTE LEAD 31	utf8_lead2	covalent	{"hex": "0xDF", "display": "<LEAD2 31>", "bond_class": "covalent"}
AA.AA.AA.EZ	UTF8 3-BYTE LEAD 0	utf8_lead3	covalent	{"hex": "0xE0", "display": "<LEAD3 00>", "bond_class": "covalent"}
AA.AA.AA.Ea	UTF8 3-BYTE LEAD 1	utf8_lead3	covalent	{"hex": "0xE1", "display": "<LEAD3 01>", "bond_class": "covalent"}
AA.AA.AA.Eb	UTF8 3-BYTE LEAD 2	utf8_lead3	covalent	{"hex": "0xE2", "display": "<LEAD3 02>", "bond_class": "covalent"}
AA.AA.AA.Ec	UTF8 3-BYTE LEAD 3	utf8_lead3	covalent	{"hex": "0xE3", "display": "<LEAD3 03>", "bond_class": "covalent"}
AA.AA.AA.Ed	UTF8 3-BYTE LEAD 4	utf8_lead3	covalent	{"hex": "0xE4", "display": "<LEAD3 04>", "bond_class": "covalent"}
AA.AA.AA.Ee	UTF8 3-BYTE LEAD 5	utf8_lead3	covalent	{"hex": "0xE5", "display": "<LEAD3 05>", "bond_class": "covalent"}
AA.AA.AA.Ef	UTF8 3-BYTE LEAD 6	utf8_lead3	covalent	{"hex": "0xE6", "display": "<LEAD3 06>", "bond_class": "covalent"}
AA.AA.AA.Eg	UTF8 3-BYTE LEAD 7	utf8_lead3	covalent	{"hex": "0xE7", "display": "<LEAD3 07>", "bond_class": "covalent"}
AA.AA.AA.Eh	UTF8 3-BYTE LEAD 8	utf8_lead3	covalent	{"hex": "0xE8", "display": "<LEAD3 08>", "bond_class": "covalent"}
AA.AA.AA.Ei	UTF8 3-BYTE LEAD 9	utf8_lead3	covalent	{"hex": "0xE9", "display": "<LEAD3 09>", "bond_class": "covalent"}
AA.AA.AA.Ej	UTF8 3-BYTE LEAD 10	utf8_lead3	covalent	{"hex": "0xEA", "display": "<LEAD3 10>", "bond_class": "covalent"}
AA.AA.AA.Ek	UTF8 3-BYTE LEAD 11	utf8_lead3	covalent	{"hex": "0xEB", "display": "<LEAD3 11>", "bond_class": "covalent"}
AA.AA.AA.El	UTF8 3-BYTE LEAD 12	utf8_lead3	covalent	{"hex": "0xEC", "display": "<LEAD3 12>", "bond_class": "covalent"}
AA.AA.AA.Em	UTF8 3-BYTE LEAD 13	utf8_lead3	covalent	{"hex": "0xED", "display": "<LEAD3 13>", "bond_class": "covalent"}
AA.AA.AA.En	UTF8 3-BYTE LEAD 14	utf8_lead3	covalent	{"hex": "0xEE", "display": "<LEAD3 14>", "bond_class": "covalent"}
AA.AA.AA.Ep	UTF8 3-BYTE LEAD 15	utf8_lead3	covalent	{"hex": "0xEF", "display": "<LEAD3 15>", "bond_class": "covalent"}
AA.AA.AA.Eq	UTF8 4-BYTE LEAD 0	utf8_lead4	covalent	{"hex": "0xF0", "display": "<LEAD4 00>", "bond_class": "covalent"}
AA.AA.AA.Er	UTF8 4-BYTE LEAD 1	utf8_lead4	covalent	{"hex": "0xF1", "display": "<LEAD4 01>", "bond_class": "covalent"}
AA.AA.AA.Es	UTF8 4-BYTE LEAD 2	utf8_lead4	covalent	{"hex": "0xF2", "display": "<LEAD4 02>", "bond_class": "covalent"}
AA.AA.AA.Et	UTF8 4-BYTE LEAD 3	utf8_lead4	covalent	{"hex": "0xF3", "display": "<LEAD4 03>", "bond_class": "covalent"}
AA.AA.AA.Eu	UTF8 4-BYTE LEAD 4	utf8_lead4	covalent	{"hex": "0xF4", "display": "<LEAD4 04>", "bond_class": "covalent"}
AA.AA.AA.Ev	UTF8 4-BYTE LEAD 5	utf8_lead4	covalent	{"hex": "0xF5", "display": "<LEAD4 05>", "bond_class": "covalent"}
AA.AA.AA.Ew	UTF8 4-BYTE LEAD 6	utf8_lead4	covalent	{"hex": "0xF6", "display": "<LEAD4 06>", "bond_class": "covalent"}
AA.AA.AA.Ex	UTF8 4-BYTE LEAD 7	utf8_lead4	covalent	{"hex": "0xF7", "display": "<LEAD4 07>", "bond_class": "covalent"}
AA.AA.AA.Ey	INVALID BYTE 0xF8	invalid	unstable	{"hex": "0xF8", "display": "<INVALID F8>", "bond_class": "unstable"}
AA.AA.AA.Ez	INVALID BYTE 0xF9	invalid	unstable	{"hex": "0xF9", "display": "<INVALID F9>", "bond_class": "unstable"}
AA.AA.AA.FA	INVALID BYTE 0xFA	invalid	unstable	{"hex": "0xFA", "display": "<INVALID FA>", "bond_class": "unstable"}
AA.AA.AA.FB	INVALID BYTE 0xFB	invalid	unstable	{"hex": "0xFB", "display": "<INVALID FB>", "bond_class": "unstable"}
AA.AA.AA.FC	INVALID BYTE 0xFC	invalid	unstable	{"hex": "0xFC", "display": "<INVALID FC>", "bond_class": "unstable"}
AA.AA.AA.FD	INVALID BYTE 0xFD	invalid	unstable	{"hex": "0xFD", "display": "<INVALID FD>", "bond_class": "unstable"}
AA.AA.AA.FE	INVALID BYTE 0xFE	invalid	unstable	{"hex": "0xFE", "display": "<INVALID FE>", "bond_class": "unstable"}
AA.AA.AA.FF	INVALID BYTE 0xFF	invalid	unstable	{"hex": "0xFF", "display": "<INVALID FF>", "bond_class": "unstable"}
\.


--
-- Name: pbm_entries pbm_entries_pkey; Type: CONSTRAINT; Schema: public; Owner: -
--

ALTER TABLE ONLY public.pbm_entries
    ADD CONSTRAINT pbm_entries_pkey PRIMARY KEY (scope_id, token0_id, token1_id);


--
-- Name: scopes scopes_pkey; Type: CONSTRAINT; Schema: public; Owner: -
--

ALTER TABLE ONLY public.scopes
    ADD CONSTRAINT scopes_pkey PRIMARY KEY (scope_id);


--
-- Name: tokens tokens_pkey; Type: CONSTRAINT; Schema: public; Owner: -
--

ALTER TABLE ONLY public.tokens
    ADD CONSTRAINT tokens_pkey PRIMARY KEY (token_id);


--
-- Name: idx_pbm_scope; Type: INDEX; Schema: public; Owner: -
--

CREATE INDEX idx_pbm_scope ON public.pbm_entries USING btree (scope_id);


--
-- Name: idx_pbm_token0; Type: INDEX; Schema: public; Owner: -
--

CREATE INDEX idx_pbm_token0 ON public.pbm_entries USING btree (token0_id);


--
-- Name: idx_pbm_token1; Type: INDEX; Schema: public; Owner: -
--

CREATE INDEX idx_pbm_token1 ON public.pbm_entries USING btree (token1_id);


--
-- Name: idx_tokens_category; Type: INDEX; Schema: public; Owner: -
--

CREATE INDEX idx_tokens_category ON public.tokens USING btree (category);


--
-- Name: pbm_entries pbm_entries_scope_id_fkey; Type: FK CONSTRAINT; Schema: public; Owner: -
--

ALTER TABLE ONLY public.pbm_entries
    ADD CONSTRAINT pbm_entries_scope_id_fkey FOREIGN KEY (scope_id) REFERENCES public.scopes(scope_id);


--
-- Name: scopes scopes_parent_id_fkey; Type: FK CONSTRAINT; Schema: public; Owner: -
--

ALTER TABLE ONLY public.scopes
    ADD CONSTRAINT scopes_parent_id_fkey FOREIGN KEY (parent_id) REFERENCES public.scopes(scope_id);


--
-- PostgreSQL database dump complete
--

\unrestrict kadhYNvMGvKDWymdpzV9c1AH2Qr7mm8gohRqiSBye44ejmMIl8TJv1OBMir1ggI

